tokoId,tokoNama,kodeToko,catatan,items,total,createdAt,id
"c8674610-9d57-4ee8-adb7-2f2fa51ba073","TOKO RIZKY OS","K1502","","[]","0","2025-11-10T06:44:59.000Z","49378309-f3a8-4187-b948-e9198f181cb3"
"e1c8d2c7-8b0d-4895-b0f1-a995d145c4ab","ILMA JAYA","K1118","","[]","0","2025-11-11T04:10:23.083Z","aa7c88bc-80c8-42c0-9d31-d0d7d0461df6"
"cd8de274-8720-4a01-9e17-073fec4f4af1","TOKO KOBER","K1571","","[]","0","2025-10-03T06:51:51.006Z","233af362-49a5-4cc1-ad0e-d1a8da9434da"
"83edde2c-8235-46b0-9882-37e7c2b19135","KUSRIYAH","K0742","","[]","0","2025-11-12T07:11:37.932Z","43e57bf3-79dd-4a3c-861b-bbcb745064a4"
"1ac0f0ae-3a27-4bca-934c-44da7fb0f09b","MASRUKIN","K1334","","[]","0","2025-10-14T06:57:34.833Z","712398d8-4360-40f3-af29-8b929e876768"
"ofWTyzpsse8zoCymsmtO","AL HUSNA 5 PANCUR","K1919","","[]","0","2025-10-06T06:24:01.198Z","4776b655-9de7-41fb-901d-9940959cb28b"
"54fdba50-504d-42aa-b316-bc482ba22865","MUHKAFI","K1832","","[]","0","2025-11-10T05:55:21.943Z","1f0b1a5c-c338-4e9d-a553-ebed8a7621a4"
"hX7OpXJoabbPtqfEEJTI","KANTIN PKU MUHAMMADYAH MAYONG","K0458","","[]","0","2025-10-25T06:52:58.891Z","7946ec55-f99e-4923-9f75-e787c7763c15"
"da15329b-3086-48c9-a819-e7164ef6fbc4","AMIN","K0503","","[]","0","2025-10-04T05:25:44.583Z","30646a6b-f8bb-45fc-80e3-574aa2d5addf"
"6741fcee-d6a3-41c0-bd06-d23b4b20f021","BU ISTIANAH (MTS URWATIL WATSQO)","K2066","","[]","0","2025-10-01T06:32:26.480Z","1fb3569a-3121-4fc2-b43e-77a350fb2406"
"1ac0f0ae-3a27-4bca-934c-44da7fb0f09b","MASRUKIN","K1334","","[]","0","2025-11-04T05:32:39.356Z","fadb2610-442d-4572-acbe-af545a8aec32"
"1a6e6895-9913-4174-bcbb-ede34d8049ac","SUPARNO","K0390","","[]","0","2025-10-08T06:57:09.488Z","c84861cf-324e-4461-a543-ebec3637d58a"
"31ec4308-1feb-466a-b016-366534a6c708","SIDO MULYO","K1484","","[]","0","2025-10-18T06:38:30.240Z","10226e38-603b-4e07-a639-a060a48d64f0"
"9fbb5943-573d-446d-8745-49cd2cb235fc","AISYA","K1128","","[]","0","2025-11-03T07:43:06.318Z","0e4f8b08-0813-4338-9ba9-fa1325997069"
"3ff0830c-2f2f-45e4-9566-8fe33eb7c93f","SUKATI","K0467","","[]","0","2025-10-16T05:32:23.073Z","9b891119-85e7-4e1f-9d81-b06593dbcd36"
"a93d19f4-87ce-4bab-bf80-90060d03f4fb","TOKO BINTANI MART","K1409","","[]","0","2025-10-29T03:50:21.451Z","208dcc1b-284e-4220-9243-447453fc85d2"
"31ec4308-1feb-466a-b016-366534a6c708","SIDO MULYO","K1484","","[]","0","2025-11-04T05:36:00.835Z","17fb591b-d281-4591-9cd6-f6d572ee92dd"
"085bbef4-729a-4a83-b1e3-fd32ded0b809","TOKO ALI","K1154","","[]","0","2025-10-15T10:22:16.685Z","ab6935fa-8b9e-4aa2-a3ea-f0ba369e3f11"
"1a59b3df-9602-48d3-9e38-45a07274d3b5","WINARNO","K2021","","[]","0","2025-11-10T11:00:41.328Z","a4503cff-6439-4446-acef-66ea611bb3a7"
"ee44c035-af97-46c2-93cd-934252ce01a9","MUNAWAROH","K1121","","[]","0","2025-11-10T07:31:49.276Z","d042b32b-9172-47d4-8e49-bb3800883b37"
"de837004-998f-4d9d-9ceb-27c3277a4493","ALHUSNA MART","K0439","","[]","0","2025-10-10T08:23:40.331Z","31a70627-fa2f-423c-b00e-85c4047eeea0"
"ebfc8c94-7b31-4699-8a11-9bcc87591086","IRWAN CELL","K1867","","[]","0","2025-10-14T06:04:11.424Z","8a99d8db-f058-4cee-9837-347e68e3e88e"
"A2C98b49QgAzpp25r8IG","MARFUAH","K1000","","[]","0","2025-09-30T15:54:08.782Z","79a94a44-d244-488d-98e0-351b2b7bf793"
"e0178599-c98c-4f4a-8457-d64738b49665","TATA MANDIRI","K0366","","[]","0","2025-10-08T06:41:51.456Z","8dc8437d-cb95-4d01-b157-74f542a6f0d2"
"504129c5-e443-44cc-97f8-0b61a7f78b57","SUDARTO","K0676","","[]","0","2025-11-06T05:29:19.278Z","72396c4a-c79a-4953-8373-951316670dbd"
"9fbb5943-573d-446d-8745-49cd2cb235fc","AISYA","K1128","","[]","0","2025-10-06T06:28:17.999Z","686cc215-5d3e-46e2-8f3f-429a952eb34c"
"da15329b-3086-48c9-a819-e7164ef6fbc4","TOKO IBU AMIN","K0503","","[]","0","2025-11-08T06:54:17.232Z","02e7adf0-619b-40ee-8f1a-1f63911ea599"
"4e30038c-8dae-43aa-99c9-ed8e324c2bdf","NUR YONO","K1982","","[]","0","2025-11-08T04:46:05.131Z","19afc85a-9186-4296-83c0-7f4010ab6964"
"9d04d72a-ccba-4163-82f0-2c5f6a45db2a","SISWANTO","K0526","","[]","0","2025-10-30T04:14:03.839Z","2810a9e9-7477-4605-8042-149f31fda785"
"01211cd5-a06d-4d0a-bb4d-bf5a2ce00879","APOTEK PANCUR","K0352","","[]","0","2025-11-10T08:53:31.304Z","03329c3a-a161-4e5d-ac08-851cf4bcd3b5"
"b5d38fb0-a0c8-4c28-b7f2-65c9df303862","SD 3 BUNGU","K1787","","[]","0","2025-11-03T04:14:56.722Z","c944d0fd-13b8-4767-94c3-a052da6f9dc7"
"c90bb0bc-7d18-4531-bf39-eee5fb08812e","SD IT AL ANWAR","K1658","","[]","0","2025-10-10T07:48:20.167Z","a81fbf2e-fe21-4e09-9e27-970a9f00fa7f"
"c12ade19-3806-4495-a693-5801bd341095","TOKO LISA","K1899","","[]","0","2025-11-13T06:34:55.879Z","33a779c6-af9f-4551-a973-cb872e29f5ea"
"a8462560-2ad3-4544-9956-5090773229c4","MBAK IS","K0485","","[]","0","2025-11-08T03:59:01.000Z","eb38e976-d4f3-41d2-b941-e9167f36c6c0"
"0854317f-6841-4c58-b632-29a134dc533c","MUSYAFAK","K0512","","[]","0","2025-10-10T06:32:58.839Z","78e164e3-ff06-4e19-8cae-af49408c1aff"
"ebfc8c94-7b31-4699-8a11-9bcc87591086","IRWAN CELL","K1867","","[]","0","2025-11-04T05:35:32.824Z","0ae1d670-16bd-4641-9987-d34117efeb4d"
"cd8de274-8720-4a01-9e17-073fec4f4af1","TOKO KOBER","K1571","","[]","0","2025-10-10T07:30:49.633Z","5ec7e0e7-975b-4404-a88c-a02b6884484f"
"770d85f4-d20a-459c-bb58-08cf546bbee1","NICE SWALAYAN","-","","[]","0","2025-10-29T04:28:13.000Z","9f033bbc-f496-4783-a7d0-dbf0e2f6a026"
"4eb562d0-9280-4e70-92ea-ccff2b2e6623","ULFA KHASANAH","K1127","","[]","0","2025-11-04T05:36:21.437Z","555a4fff-0536-4525-a735-aae464262a94"
"f5170c6c-2fd8-4a00-90af-f85325da4666","WARUNG MADURA AL-AMIN 2","K1649","","[]","0","2025-10-23T05:40:42.373Z","7b2e6843-49bc-464c-be14-d4aa145e18a8"
"67abfcd5-d88a-4513-bd29-597353ebb2a9","NIKMAT SEMBAKO","K1543","","[]","0","2025-10-10T03:58:05.914Z","2ec40332-aa59-4e33-b3da-128b0418817a"
"e1c8d2c7-8b0d-4895-b0f1-a995d145c4ab","ILMA JAYA","K1118","","[]","0","2025-10-07T03:58:08.089Z","f9e15498-a280-42fa-92f6-1526b5428f00"
"a741d86a-e4b0-413b-96bf-e9be7940219e","SDN 1 BAKALAN ( TOKO SEMBAKO AHLIS )","K2015","","[]","0","2025-11-14T08:28:13.353Z","7a9df5c3-af96-4e03-bec1-a6a8b318874a"
"2821519d-7cc4-41e1-a814-90f13118ad5f","RIYADLUL QUR'AN","K1286","","[]","0","2025-11-15T03:22:11.707Z","0fc6f3c2-637b-4372-83a0-994fe7a898e0"
"a23f56d7-66b7-4466-a4ee-4d79926c4689","SAMI JF MART","K1298","","[]","0","2025-11-13T08:48:02.917Z","02933606-df82-44cb-a448-f2e495a6237f"
"r0Tw7NkLQD1aajraFOUW","SRI REJEKI","K1209","","[]","0","2025-09-30T15:55:36.865Z","54c44766-f222-4c8d-ab24-7c8be335521c"
"99b2e217-3eaf-45b5-ad6d-156c660cf300","M. FAIZUN","K1614","","[]","0","2025-10-10T06:48:57.665Z","d14f6cd2-ff91-4937-ad7f-53c4ca0ea8ca"
"1b2f93c6-34d6-48b6-bea9-0ad62463a02b","TOKO SAUDARA","K1916","","[]","0","2025-10-29T03:21:04.578Z","46e77fcd-4387-4adb-92a4-d4023e8226e0"
"6741fcee-d6a3-41c0-bd06-d23b4b20f021","BU ISTIANAH ( MTS URWATIL WATSQO )","K2066","","[]","0","2025-10-20T02:05:39.958Z","6c6de3ba-71b4-4187-8c1a-daca05d28334"
"01211cd5-a06d-4d0a-bb4d-bf5a2ce00879","APOTEK PANCUR","K0352","","[]","0","2025-11-03T07:54:54.193Z","1e930756-94d2-41dd-914e-1ca2786fd4b8"
"9f00f5a3-94ad-4211-9400-1c969d5e1641","MADURA BUNDA","K2077","","[]","0","2025-10-16T09:33:45.176Z","30eacfff-d424-4599-8b39-4e006465ea35"
"2821519d-7cc4-41e1-a814-90f13118ad5f","RIYADLUL QUR'AN","K1286","","[]","0","2025-11-08T03:06:38.146Z","0d5bc4d5-d9a5-4be9-b99e-19922dce6501"
"c3d5fd74-b777-410a-8463-833c6a80fa6f","Toko Koss Mart","K2014","","[]","0","2025-10-30T05:04:39.429Z","5b98d905-31a7-4c51-b216-a59cffd4e092"
"ee44c035-af97-46c2-93cd-934252ce01a9","MUNAWAROH","K1121","","[]","0","2025-10-27T06:34:37.000Z","8e5b9eb6-db06-4a37-913f-82b6ab3899d7"
"a93d19f4-87ce-4bab-bf80-90060d03f4fb","TOKO BINTANI MART","K1409","","[]","0","2025-10-22T10:14:11.621Z","aba4754f-0a5f-4cf3-b2df-21b6f3c63a4b"
"05577f8c-d28b-489a-97c9-ed86f7ff8658","SD IT AL HUSNA 2","K1759","","[]","0","2025-11-14T03:10:15.105Z","5808700e-1d24-406a-bfa7-6d030f10b233"
"JIyyabcbkCcvnaispiaO","SD 3 MEDINI","K1683","","[]","0","2025-09-30T15:52:59.193Z","a7dc3655-ffc7-4330-85d7-d3950c641010"
"f72200de-8f83-4445-a6df-6e809b284ccb","YANI","K0462","","[]","0","2025-10-09T08:44:50.653Z","96514ef3-aad2-41c9-8195-1d213d0320e1"
"13a5625d-3a12-4e79-b282-2bd369ec295f","RESTU","K0743","","[]","0","2025-10-07T05:59:06.456Z","342fe05c-1f80-4668-8477-c582456eb3a2"
"daa3d0ec-8c44-4fe3-b6c1-10f0824b066b","MBAK YUYUN","K0379","","[]","0","2025-11-11T02:38:29.123Z","a26623f5-f1a0-4714-9b42-f94aa5c96c89"
"2821519d-7cc4-41e1-a814-90f13118ad5f","RIYADLUL QUR'AN","K1286","","[]","0","2025-10-18T03:39:34.760Z","6e9e031d-c5ea-4483-949d-786459cfeefa"
"b5d38fb0-a0c8-4c28-b7f2-65c9df303862","SD 3 BUNGU","K1787","","[]","0","2025-10-13T05:07:26.455Z","012f0150-95e5-482c-97c2-6e518061d7c5"
"5dd5463e-f0bd-4dce-8ca8-4e116b831b8b","MI SYUMUSUL HUDA","K1819","Semqngka 74
Nanas 4
Jagung 33","[]","0","2025-10-04T02:31:47.503Z","eba0486d-9571-4eaa-83f4-0868ca4c797b"
"73b2db6a-6e48-4727-b318-67da1d4bad20","SMK ISLAM AL HIKMAH MAYONG","K1387","","[]","0","2025-11-06T03:07:18.000Z","8320b9a1-472e-4f56-8a90-aaf74005d090"
"0a8c5daa-4367-4b2e-ba73-90c306b70543","TOKO VANIA","K1868","","[]","0","2025-10-01T06:06:25.122Z","316e8873-0136-4fe2-8456-095a6e65f19d"
"1290b930-bb27-4579-891f-72d6e0370ba7","SD 3 BUARAN","K1788","","[]","0","2025-10-14T04:00:19.505Z","93e8bcd1-9d1c-44c5-86ee-ab02e81e0ceb"
"0baeec56-611a-42f1-a19c-64e3e6ca6120","ENDANG RISTIYOWATI","K0532","","[]","0","2025-11-07T05:04:45.950Z","6a2f5526-7867-44ea-8574-7227fee1b6d8"
"86c5013d-3fb3-4968-9d6f-a4c6ac3e34bd","ELLA 2 KANTIN MTS BALEKAMBANG","K0391","","[]","0","2025-10-14T04:01:18.409Z","5360dc53-2334-4976-b920-36eb4cc4cf33"
"96c0664e-91cd-44e1-aff7-d506a4ab7270","RATU WALI","K1498","","[]","0","2025-10-25T05:21:20.396Z","fab996a3-8a24-4638-9ff8-7201a689c09c"
"450a2e4d-46dd-4d9b-8459-ea1b8a969308","ABYAN CAKE","K1613","","[]","0","2025-10-04T06:21:14.106Z","b29a004b-5aaf-4269-a370-481b99b7ef2c"
"8qmFIegBFrcChbhUWEP1","AZKA JAYA","K1265","","[]","0","2025-09-30T15:46:36.313Z","f3862fa1-d0cb-4347-86db-48ed479432a1"
"2f89e7d9-b919-45f0-8588-649cd350193a","SD 1 BUARAN MAYONG","K1751","","[]","0","2025-11-11T03:54:54.205Z","edd7f94d-d291-4d18-bf5a-a00555921675"
"9a4ca1b7-f882-40dc-b5e2-b6a2a3aa1bb5","TOKO ANUGERAH","K1969","","[]","0","2025-11-03T03:34:33.073Z","d47b02b9-3ed8-4bca-bb73-11da2bcfea46"
"e1c8d2c7-8b0d-4895-b0f1-a995d145c4ab","ILMA JAYA","K1118","","[]","0","2025-10-21T04:22:57.447Z","57a285eb-8170-4fba-b900-2f9e3488a431"
"46b5f2b0-e099-4d90-a699-93e51cd88145","TOKO HALIMAH","K1607","","[]","0","2025-10-07T02:36:34.042Z","d2811dd5-9781-4854-8207-93cf213fe597"
"2a8d298a-0221-4c9a-bd58-212d1c193741","FARIDA ERYANTI","K2005","","[]","0","2025-10-25T03:51:36.282Z","02d72fb3-6bbe-46f4-9413-d276510d06fd"
"489380bc-8dca-446c-b652-3e71ea347503","TOKO HAPSARI","K1936","","[]","0","2025-10-16T03:34:35.749Z","12f5bf37-bf4c-4d9c-afb6-3a01d627e4f5"
"U9xR5JynZ7Jjn3kBAFvc","LINDA ALDINA","K1401","","[]","0","2025-09-30T15:45:30.269Z","7df60915-ff0b-484d-89c2-003149598c0b"
"dac70836-d6ea-4a26-951c-fb5eb9bbedc6","TOKO ZUMAEROH","K1599","","[]","0","2025-10-26T17:00:00.000Z","dd2de0eb-10f3-4244-bca4-d745c02344e9"
"450a2e4d-46dd-4d9b-8459-ea1b8a969308","ABIYAN CAKE","K1613","","[]","0","2025-11-08T05:23:57.116Z","8364a3ef-2ce6-4dfc-83c5-75fb50e48c63"
"99b2e217-3eaf-45b5-ad6d-156c660cf300","M. FAIZUN","K1614","","[]","0","2025-11-14T04:58:37.076Z","714a08ee-e83d-4ece-800a-e6095a53bd08"
"2821519d-7cc4-41e1-a814-90f13118ad5f","RIYADLUL QUR'AN","K1286","","[]","0","2025-10-11T03:28:35.514Z","f715123a-e09b-4975-8faf-740898cb2942"
"9bcbb48e-0211-483a-b795-18515c9f35e3","MADUN","K0373","","[]","0","2025-10-07T08:35:56.538Z","23fe6ab9-604b-4200-b961-e169164c64f3"
"335a016c-6258-4728-bb65-922bf554aeb8","KANTIN SMA AL HIKMAH","K0525","","[]","0","2025-11-13T03:01:38.559Z","ca7704c6-985a-41bc-a2b6-1788b465dca4"
"f0f0411f-a288-420e-8d87-76709f11a8b6","LINAWATI SMU MUH 2","K1197","","[]","0","2025-11-13T03:05:44.091Z","7e178e64-4fec-46ec-bb3f-567ed3221c3d"
"f5170c6c-2fd8-4a00-90af-f85325da4666","WARUNG MADURA AL AMIN 2","K1649","","[]","0","2025-10-02T05:27:55.370Z","ba8099bc-e0be-41f4-8e0d-efc4f05a5ae2"
"9d04d72a-ccba-4163-82f0-2c5f6a45db2a","SISWANTO","K0526","","[]","0","2025-10-02T07:29:27.042Z","8814251d-1052-48d8-9751-3cebeab7fe27"
"13a5625d-3a12-4e79-b282-2bd369ec295f","RESTU","K0743","","[]","0","2025-10-14T05:21:26.100Z","8fad557a-332f-41da-b3d5-16a7d40ef774"
"b5d38fb0-a0c8-4c28-b7f2-65c9df303862","SD 3 BUNGU","K1787","","[]","0","2025-11-10T05:18:40.858Z","a6062119-5c42-44b4-aa26-1f2b8e688054"
"ffa0c4ae-3554-41eb-ad5b-29823634e4a5","NOR AMIN MAHMUD","K1987","","[]","0","2025-11-04T04:13:11.526Z","da2970b6-321e-49a6-ac84-add13efaf342"
"5k0IiX8BPmDGfqaE43fc","SD 2 SAMBUNG","K1684","","[]","0","2025-09-30T15:55:16.864Z","8f0ebb7a-3835-4de3-8aaf-f56edcd461c1"
"33f35fd3-2788-46bd-b710-1f18130ac326","WAKHIDATUS SHOLEHAH","K1923","","[]","0","2025-10-04T05:26:32.013Z","8019a091-4416-4459-a48c-4be721d9cbf8"
"4788336f-5c4c-4646-8d12-7936fe3b2d84","ELLA 3 SMK PUTRI BALEKAMBANG","K0392","","[]","0","2025-11-11T09:49:40.754Z","6edb74db-8c78-4294-b1ab-2e7aa7cc7e06"
"UrH2f6s6EPPQrYHqN6CP","ASROFI","K0425","","[]","0","2025-09-30T15:52:41.083Z","321e642e-4d37-4bba-9da5-8555c4db76d1"
"899f4979-f37e-45a1-a867-04c21c04fe75","TOKO VIANA","K1911","","[]","0","2025-10-08T04:52:41.818Z","ecef9ee9-1df4-4369-ae99-00fef71e305b"
"918a9f86-c4d7-44b1-b1b6-aad9ecec0c8f","TOKO SHERLY","K1500","","[]","0","2025-10-22T04:02:05.187Z","47445afa-2c14-49c8-ba2c-fea7d5c1bd35"
"a23f56d7-66b7-4466-a4ee-4d79926c4689","SAMI JF MART","K1298","","[]","0","2025-10-30T09:41:09.095Z","6fd16754-4cbf-4e52-900c-dceff655ba9d"
"99b2e217-3eaf-45b5-ad6d-156c660cf300","M. FAIZUN","K1614","","[]","0","2025-11-07T09:11:08.264Z","4956e58e-d672-44ce-af91-0ac8bb6aa834"
"33f35fd3-2788-46bd-b710-1f18130ac326","WAKHIDATUS SHOLEKHAH","K1923","","[]","0","2025-11-01T03:32:18.976Z","009e5b76-fae5-4f81-9c36-84197bef7779"
"1a59b3df-9602-48d3-9e38-45a07274d3b5","WINARNO","K2021","","[]","0","2025-10-10T09:05:07.657Z","f209456d-870e-4e3a-bf32-6daf910db731"
"450a2e4d-46dd-4d9b-8459-ea1b8a969308","ABIYAN CAKE","K1613","","[]","0","2025-11-01T04:08:35.284Z","55a27ba3-184c-4ec5-b10e-5766f9878715"
"a741d86a-e4b0-413b-96bf-e9be7940219e","SDN 1 BAKALAN ( TOKO SEMBAKO AHLIS )","K2015","","[]","0","2025-10-03T08:08:45.862Z","6b3eaaf1-1f6e-441f-a3f4-1bec7416bf07"
"hrGSsYjRN0DC2i3QPnxO","TOKO RAHMAT","K1816","","[]","0","2025-10-03T08:42:36.094Z","b2ac7b24-1058-4323-82c1-973b06fe7df7"
"dac70836-d6ea-4a26-951c-fb5eb9bbedc6","TOKO ZUMAEROH","K1599","","[]","0","2025-11-03T03:34:40.920Z","6339abaf-3873-4580-bcc7-cff6e92ea281"
"b94cfa77-8407-4578-af10-6b2772ecf219","TOKO MBAK RINI","K1725","","[]","0","2025-10-29T06:48:36.991Z","f10d800f-2a77-41f7-9313-cad305353e6c"
"0854317f-6841-4c58-b632-29a134dc533c","MUSYAFAK","K0512","","[]","0","2025-11-14T03:10:34.419Z","e83c72d7-9b46-458c-a703-b79bdb1aaa5c"
"42f49f2f-b3cb-4c8a-bc9d-3dd78a6e9c91","LAKSITA SWALAYAN","K2101","","[]","0","2025-10-16T09:33:35.103Z","4d924ac6-54ae-414b-bd09-b1e062ceca23"
"da15329b-3086-48c9-a819-e7164ef6fbc4","TOKO IBU AMIN","K0503","","[]","0","2025-11-08T03:58:52.378Z","5681ee3c-38a9-46dd-86b0-31a2f94bec7e"
"335a016c-6258-4728-bb65-922bf554aeb8","KANTIN SMA AL HIKMAH","K0525","","[]","0","2025-10-23T03:00:02.107Z","85c361d7-cd98-489e-812e-378cb150a1c5"
"a93d19f4-87ce-4bab-bf80-90060d03f4fb","TOKO BINTANI MART","K1409","","[]","0","2025-10-15T10:22:23.908Z","79e5e7fb-fe68-46d1-9aed-f5e11f9dab57"
"de837004-998f-4d9d-9ceb-27c3277a4493","ALHUSNA MART","K0439","","[]","0","2025-11-01T05:18:57.668Z","77ec3467-9808-432b-b4f3-59e8dcbcf026"
"1b2f93c6-34d6-48b6-bea9-0ad62463a02b","TOKO SAUDARA","K1916","","[]","0","2025-11-05T03:21:02.905Z","b3bb33ab-d90b-4511-8efa-768cbb21bf9a"
"e2c738ed-833e-467a-be25-e3a8ce9caf9c","YANI 2","K1018","","[]","0","2025-10-09T10:38:34.254Z","bca419ba-9c59-4654-996d-5f5ccc3b278c"
"ed99e387-6f40-41f7-9f96-0fedaa963ad2","ENDANG SRI WAHYUNI","K1367","","[]","0","2025-11-12T08:58:02.329Z","fef991de-a8b6-4e96-b1b1-8607971605e5"
"c12ade19-3806-4495-a693-5801bd341095","TOKO LISA","K1899","","[]","0","2025-10-16T08:03:18.480Z","0c407eef-2ca2-42d4-9c2e-075c62fa252b"
"4788336f-5c4c-4646-8d12-7936fe3b2d84","ELLA 3 SMK PUTRI BALEKAMBANG","K0392","","[]","0","2025-10-07T09:59:49.359Z","760c216a-e1e8-4c61-9b2c-120bb561b73c"
"89eb1af4-9c31-45a6-981a-682f6cad4935","ABDUL MUJIB","K1315","","[]","0","2025-11-05T06:11:02.616Z","8d6018a1-25fd-4d11-b001-0f558edeb6d5"
"a7c7182a-009a-4ea1-ae84-f5392b6e438d","TOKO PAK MUL","K1323","","[]","0","2025-10-20T05:16:07.819Z","131ecdc2-ddc4-4d0d-adba-d7b33916f10e"
"ec532f91-e89a-459a-b3f2-846d12fd1304","TRANSIT MART 2","K1534","","[]","0","2025-11-08T06:54:24.175Z","8c26814e-987d-4d73-920e-d4d964b26b03"
"3edba757-a19f-4272-9fac-d97ad6526fca","BERKAH SHOLAWAT","K1476","","[]","0","2025-10-09T09:21:16.410Z","edb047f2-93dc-42a3-b10e-ccc22b7de249"
"c8674610-9d57-4ee8-adb7-2f2fa51ba073","TOKO RIZKY OS","K1502","","[]","0","2025-10-06T08:00:05.671Z","00f0c8d9-d983-4534-9055-a10d12f37266"
"a741d86a-e4b0-413b-96bf-e9be7940219e","SDN 1 BAKALAN ( TOKO SEMBAKO AHLIS )","K2015","","[]","0","2025-10-31T03:52:03.000Z","019747ee-2a1a-4a95-afbc-92884f063be1"
"85cf10d5-57cb-40af-ab28-5793be5a97f1","PONPES MAYONG/ AL ISHOM","K0991","","[]","0","2025-11-01T04:51:44.468Z","aca80cd1-4ccf-45b2-8835-58aa2789e6ba"
"73b2db6a-6e48-4727-b318-67da1d4bad20","SMK ISLAM AL HIKMAH MAYONG","K1387","","[]","0","2025-10-09T03:00:22.171Z","1978160d-47a5-4423-bbcf-72b13fab0f21"
"85cf10d5-57cb-40af-ab28-5793be5a97f1","PONPES MAYONG/ AL ISHOM","K0991","","[]","0","2025-11-08T05:41:32.174Z","c5d62de3-4f9e-42c5-bedb-dd299efa906c"
"1f920f03-02ba-4802-aa4b-cb4a97979cac","RONDHI ARDIYANTO","K0936","","[]","0","2025-10-27T04:35:57.402Z","b0dc0499-06f2-44dd-abbb-e33efd35bb47"
"f72200de-8f83-4445-a6df-6e809b284ccb","YANI","K0462","","[]","0","2025-10-16T06:47:26.904Z","b228c54e-da60-416c-a012-4c64e8bfaf9c"
"4788336f-5c4c-4646-8d12-7936fe3b2d84","ELLA 3 SMK PUTRI BALEKAMBANG","K0392","","[]","0","2025-10-14T09:44:24.865Z","111855c9-43b4-498c-b4d0-46ff0ac46805"
"48ff2b1f-a4aa-4e1a-9ccf-d3611ccac180","SEJAHTERA FROZEN FOOD","K1854","","[]","0","2025-10-02T03:57:22.544Z","768f88d6-323b-4356-a993-72291ffc492e"
"73b2db6a-6e48-4727-b318-67da1d4bad20","SMK ISLAM AL HIKMAH MAYONG","K1387","","[]","0","2025-10-23T02:17:41.209Z","0a5063f5-c3a2-4e1d-9b42-68c5c56832b8"
"0630e12f-8ff5-437e-b65f-fafce6d99e07","PUTRA / ADE ZONE","K1480","","[]","0","2025-10-16T05:32:16.521Z","acd41b86-12e0-4885-a0de-0d23ac0027ca"
"447595c6-2025-4419-a012-8d94be89e4bc","TOSERBA JIWA MART","K2008","","[]","0","2025-10-14T07:34:40.601Z","2bc261f0-6110-43c1-9a0c-db40c3b4b7d9"
"075fb1be-a864-4c5d-a4c3-79a3d0d9dc17","SUMUK CELL","K0504","","[]","0","2025-11-14T06:26:33.072Z","1af15478-829e-493e-b66f-61ad02fc8fba"
"f0f0411f-a288-420e-8d87-76709f11a8b6","LINAWATI SMU MUH 2","K1197","","[]","0","2025-11-06T06:28:03.941Z","c4a373aa-6551-4163-bb44-5d306ac1c3d7"
"ebfc8c94-7b31-4699-8a11-9bcc87591086","IRWAN CELL","K1867","","[]","0","2025-11-11T06:46:21.796Z","680254ce-f379-4b2c-84bc-2b3f50112586"
"335a016c-6258-4728-bb65-922bf554aeb8","KANTIN SMA AL HIKMAH","K0525","","[]","0","2025-10-16T04:00:42.104Z","c1bbfceb-0d7f-475f-863c-cf3bbb389ee4"
"450a2e4d-46dd-4d9b-8459-ea1b8a969308","ABIYAN CAKE","K1613","","[]","0","2025-10-12T04:09:13.590Z","90097ae3-e8d4-42ba-b470-feb5282e73f5"
"a8462560-2ad3-4544-9956-5090773229c4","MBAK IS","K0485","","[]","0","2025-11-01T03:33:03.014Z","e2492dd9-c412-4ea6-b5cc-be1cee7240d0"
"9fbb5943-573d-446d-8745-49cd2cb235fc","AISYA","K1128","","[]","0","2025-10-27T06:05:33.759Z","1f3ed4b9-3e1e-4ae2-8312-f49aca4c22b8"
"96c0664e-91cd-44e1-aff7-d506a4ab7270","RATU WALI","K1498","","[]","0","2025-11-08T05:41:25.902Z","7b6f6b15-c921-44ac-8494-69530ed04760"
"1JROdrCwYQFtHPCZ63RC","TOKO BU MUSRIFAH","K1943","","[]","0","2025-10-21T09:06:37.407Z","83b91783-00e6-4504-bb53-10ce2d84d62d"
"31ec4308-1feb-466a-b016-366534a6c708","SIDO MULYO","K1484","","[]","0","2025-11-11T06:46:15.059Z","257aeffd-62b7-4290-8a89-0743a2151d30"
"46b5f2b0-e099-4d90-a699-93e51cd88145","TOKO HALIMAH","K1607","","[]","0","2025-10-21T02:47:27.922Z","2f9dfec1-4a94-4a2c-b822-a9b00f240f1d"
"1b2f93c6-34d6-48b6-bea9-0ad62463a02b","TOKO SAUDARA","K1916","","[]","0","2025-10-08T05:44:38.337Z","b1ffea75-2971-4dc0-bd39-2dcff764dfdb"
"0854317f-6841-4c58-b632-29a134dc533c","MUSYAFAK","K0512","","[]","0","2025-11-07T07:04:13.000Z","bae21d46-dc71-4a57-857a-027cb3a3b414"
"085bbef4-729a-4a83-b1e3-fd32ded0b809","TOKO ALI","K1154","","[]","0","2025-10-08T10:24:34.097Z","4a749c57-476a-4c20-9811-16402149357c"
"8a6ca0c1-1128-4267-9e18-3de0b93f5af4","SD NEGERI 2 PELEMKEREP MAYONG","K1332","","[]","0","2025-10-23T02:06:19.881Z","e3d3d05d-84b5-4fce-9237-8d8236bde4bc"
"b2a770ad-be1c-4bcf-b4e6-45e16744ee44","NYAH JIT","K1708","","[]","0","2025-11-15T06:49:48.083Z","4a216343-3592-405e-ab7a-38b73c874993"
"4788336f-5c4c-4646-8d12-7936fe3b2d84","ELLA 3 SMK PUTRI BALEKAMBANG","K0392","","[]","0","2025-10-21T09:08:10.280Z","b52999c4-b242-4d24-bce7-12d05f2c7c3c"
"05a42fbe-9be5-4835-9d1e-865ddad37323","KHUDIN","K0661","","[]","0","2025-10-22T10:07:12.857Z","28794f36-1ff5-4371-896d-ac08f9d606ea"
"db68a5d9-ae22-4a70-ab8b-255b514f95ec","MUNTATIAH","K1366","","[]","0","2025-10-08T03:24:24.100Z","e2528f9e-ddd9-4d9f-8b98-752438cadd19"
"54fdba50-504d-42aa-b316-bc482ba22865","MUHKAFI","K1832","","[]","0","2025-10-06T08:16:34.658Z","9d2936f9-748f-4bdf-94c5-0196bf1cd5d2"
"daa3d0ec-8c44-4fe3-b6c1-10f0824b066b","MBAK YUYUN","K0379","","[]","0","2025-10-14T03:11:59.757Z","b71b7c11-aba6-43ff-af61-4fb2777e2dab"
"6eec6ca7-9c50-4869-aee5-594f3bfe1588","ALIYA CELL","K0721","","[]","0","2025-11-15T07:14:40.514Z","87f0446f-f062-4231-a1dd-5b3798468e25"
"6eec6ca7-9c50-4869-aee5-594f3bfe1588","ALIYA CELL","K0721","","[]","0","2025-10-11T05:51:12.763Z","6b8da1d6-9db2-4c21-988a-3b61fa89969f"
"9f00f5a3-94ad-4211-9400-1c969d5e1641","MADURA BUNDA","K2077","","[]","0","2025-10-03T05:10:43.980Z","6c2cbcf7-8d32-44ac-a2e0-18524e25bae2"
"da15329b-3086-48c9-a819-e7164ef6fbc4","TOKO IBU AMIN","K0503","","[]","0","2025-11-15T02:38:57.000Z","d0f59e17-76c5-4d91-845e-3a886b393da5"
"4eb562d0-9280-4e70-92ea-ccff2b2e6623","ULFA KHASANAH","K1127","","[]","0","2025-11-11T07:20:39.180Z","6b342354-1a26-4ba7-a398-dfd592be456f"
"33f35fd3-2788-46bd-b710-1f18130ac326","WAKHIDATUS SHOLEKHAH","K1923","","[]","0","2025-10-11T03:28:53.233Z","d45ae7a4-05c5-4d44-987c-2547aca9f70b"
"489380bc-8dca-446c-b652-3e71ea347503","TOKO HAPSARI","K1936","","[]","0","2025-10-09T03:46:21.082Z","c3417d6b-6c37-4564-8ecd-ce384d7d4c87"
"1a59b3df-9602-48d3-9e38-45a07274d3b5","WINARNO","K2021","","[]","0","2025-10-24T17:00:00.000Z","4786a49d-c377-4726-b34c-978427dfa9ac"
"f72200de-8f83-4445-a6df-6e809b284ccb","YANI","K0462","","[]","0","2025-11-13T05:26:59.621Z","ea136198-5e2e-4738-8614-04cf6729fffa"
"83528420-dead-43fa-9297-c45b89e82dd9","DEWI","K0502","","[]","0","2025-10-17T04:00:09.904Z","50891ec3-ac47-42e9-8dd4-8e2ef4bc187b"
"c8f0dfb8-569f-44bd-b436-2003dbf7caf0","TOKO SOCHIBATUL MUNAWAROH","K1528","","[]","0","2025-11-12T08:34:40.082Z","ee49cfed-3412-4bba-a032-5fd28f23c6e4"
"075fb1be-a864-4c5d-a4c3-79a3d0d9dc17","SUMUK CELL","K0504","","[]","0","2025-10-03T06:16:25.463Z","9acf14e2-ae42-4e7a-9ea3-fcabe1aa0dc0"
"7d53152c-ff29-48d5-a39d-b6bcd58a85a3","KOPERASI AL ALAWY","K1555","","[]","0","2025-10-04T06:44:58.869Z","f8ea48c8-b49c-4ab1-b742-aa4f77e12a05"
"1290b930-bb27-4579-891f-72d6e0370ba7","SD 3 BUARAN","K1788","","[]","0","2025-11-11T03:34:43.389Z","250d5819-a7f0-47b5-86e3-ae11b4a19524"
"67abfcd5-d88a-4513-bd29-597353ebb2a9","NIKMAT SEMBAKO","K1543","","[]","0","2025-11-07T03:26:14.087Z","a26ca94f-4d78-43d3-854c-e1bd8c7f7172"
"184324cb-592a-4970-a67b-f96b7dc02a65","SAMILATUN KHASANAH","K1945","","[]","0","2025-11-10T10:09:34.794Z","33d8055b-cabb-473b-b657-9d261ed67be4"
"6740f4eb-2965-4ce0-b956-ef3ea30624a8","TIGA SAUDARA","K0367","","[]","0","2025-10-06T08:45:16.648Z","ad358a1b-7b71-4f0d-ae1f-61bec4c83877"
"a7c7182a-009a-4ea1-ae84-f5392b6e438d","TOKO PAK MUL","K1323","","[]","0","2025-10-06T05:48:59.091Z","ae6321ae-c8de-47d9-b930-d2d88b44457c"
"2f89e7d9-b919-45f0-8588-649cd350193a","SD 1 BUARAN MAYONG","K1751","","[]","0","2025-10-28T04:39:14.572Z","d4ed7daa-d358-410d-b13c-9447a7b34454"
"e2c738ed-833e-467a-be25-e3a8ce9caf9c","YANI 2","K1018","","[]","0","2025-10-30T06:38:48.961Z","1e45fcef-9197-427e-8dc5-74eef008a9b1"
"075fb1be-a864-4c5d-a4c3-79a3d0d9dc17","SUMUK CELL","K0504","","[]","0","2025-11-07T06:33:57.000Z","527bbc77-42d9-4bab-a686-f84c4758b670"
"c8f0dfb8-569f-44bd-b436-2003dbf7caf0","TOKO SOCHIBATUL MUNAWAROH","K1528","","[]","0","2025-10-15T09:17:57.236Z","ad348c4f-223b-469c-9c4f-6005be2c754e"
"c3d5fd74-b777-410a-8463-833c6a80fa6f","Toko Koss Mart","K2014","","[]","0","2025-11-13T04:50:44.924Z","b2f0cf55-c8a4-427b-945f-dce24eb624fe"
"f72200de-8f83-4445-a6df-6e809b284ccb","YANI","K0462","","[]","0","2025-10-23T08:09:06.200Z","0bc8d4b0-3018-4b68-9b19-22f2cd2e0a51"
"a7c7182a-009a-4ea1-ae84-f5392b6e438d","TOKO PAK MUL","K1323","","[]","0","2025-11-10T05:55:14.323Z","07244a74-af30-42b0-94d4-3762b31e1a77"
"f33633d7-0b22-480a-9ab0-e1dac6fcedff","MARYATI","K0378","","[]","0","2025-11-04T05:58:32.916Z","e10c60a7-e3c2-43fa-b22f-864a5408d4b0"
"4eb562d0-9280-4e70-92ea-ccff2b2e6623","ULFA KHASANAH","K1127","","[]","0","2025-10-28T07:02:54.271Z","89289a9f-025a-4738-8c74-b4467f01e544"
"2a8d298a-0221-4c9a-bd58-212d1c193741","FARIDA ERYANTI","K2005","","[]","0","2025-11-06T04:33:51.089Z","536aa59e-70a2-471d-9c08-27c217c844eb"
"0a8c5daa-4367-4b2e-ba73-90c306b70543","TOKO VANIA","K1868","","[]","0","2025-10-15T05:37:36.363Z","f857bc99-8329-4f26-ab17-4968372eb4fe"
"1b9e05dd-0402-412e-9ba4-1e321199725e","NUR AFIDAH","K1278","","[]","0","2025-11-04T04:13:05.501Z","6e250933-5922-42a1-afc4-a044a6ef55e7"
"f5170c6c-2fd8-4a00-90af-f85325da4666","WARUNG MADURA AL-AMIN 2","K1649","","[]","0","2025-11-13T08:34:00.082Z","1d4a75e9-1858-42e3-b05d-c41a9f993a75"
"dac70836-d6ea-4a26-951c-fb5eb9bbedc6","TOKO ZUMAEROH","K1599","","[]","0","2025-11-10T04:10:47.218Z","1a42a14f-d2c3-4d5c-9ff4-1783596225b9"
"2a8d298a-0221-4c9a-bd58-212d1c193741","FARIDA ERYANTI","K2005","","[]","0","2025-10-30T05:23:25.665Z","867affee-377a-4aed-a74b-07b1b6452c2e"
"0a8c5daa-4367-4b2e-ba73-90c306b70543","TOKO VANIA","K1868","","[]","0","2025-10-22T04:42:43.237Z","cddb17b8-22ea-4539-b9f0-0a0b7e6ded85"
"1f920f03-02ba-4802-aa4b-cb4a97979cac","RONDHI ARDIYANTO","K0936","","[]","0","2025-11-10T04:55:15.724Z","0f791565-685b-416d-aab2-14de0b9d9da0"
"9bcbb48e-0211-483a-b795-18515c9f35e3","MADUN","K0373","","[]","0","2025-11-11T09:09:49.656Z","fcd52f43-9284-4ba9-9e1e-610e9a270b3e"
"1b9e05dd-0402-412e-9ba4-1e321199725e","NUR AFIDAH","K1278","","[]","0","2025-10-07T04:28:35.279Z","61f5df5e-8a19-4593-852b-178ca2454f76"
"83528420-dead-43fa-9297-c45b89e82dd9","DEWI","K0502","","[]","0","2025-11-07T03:26:19.951Z","6c919b7d-464e-43df-b379-202334ef0b60"
"c8f0dfb8-569f-44bd-b436-2003dbf7caf0","TOKO SOCHIBATUL MUNAWAROH","K1528","","[]","0","2025-10-29T06:48:28.888Z","2b270ed6-0fdc-4df8-97ba-45a91d4858b9"
"de837004-998f-4d9d-9ceb-27c3277a4493","ALHUSNA MART","K0439","","[]","0","2025-11-13T09:45:30.874Z","86d6f799-d4ee-4b48-9c99-f17872c53c1f"
"13a5625d-3a12-4e79-b282-2bd369ec295f","RESTU","K0743","","[]","0","2025-11-04T05:36:46.602Z","764d91bd-2847-4b74-a678-19270bf794f3"
"be1da9ae-ecea-480f-860c-e9fd14864698","TOKO RENASYA","K1512","","[]","0","2025-10-09T03:27:11.223Z","a274756d-b0ed-4357-9002-6e910e4ece10"
"4c4cb1e2-7e9f-45b2-97e8-4f1de565ca6e","SD IT AL HUSNA PELEMKEREP","K1656","","[]","0","2025-11-14T02:34:40.304Z","1d667971-e073-4577-8750-b865045e967f"
"a8462560-2ad3-4544-9956-5090773229c4","MBAK IS","K0485","","[]","0","2025-11-15T03:22:27.000Z","a9ca1164-aa62-49c1-870d-7d8ebdf7eda5"
"1b9e05dd-0402-412e-9ba4-1e321199725e","NUR AFIDAH","K1278","","[]","0","2025-10-21T05:05:44.847Z","725ad480-1c82-4b40-8274-df7bdd1e3981"
"4d252543-4e0e-4fc1-b82d-6a6fc91f9228","TIGA SAUDARA 2","K1149","","[]","0","2025-10-20T09:29:14.375Z","de256d5a-26cb-4a70-a6c3-b556b6d31a12"
"899f4979-f37e-45a1-a867-04c21c04fe75","TOKO VIANA","K1911","","[]","0","2025-11-05T06:12:48.506Z","f0bf7155-c3b7-41d6-b0da-3ada906a7a2a"
"489380bc-8dca-446c-b652-3e71ea347503","TOKO HAPSARI","K1936","","[]","0","2025-11-13T09:51:35.000Z","ac5978af-a12f-4dd3-b71e-68a3f3af81ab"
"a0ad1bcb-101a-4c18-b744-f91787682c64","MJ CELL","K0441","","[]","0","2025-10-10T07:12:04.903Z","f9014343-f2ac-4795-bbb6-e00f0d7ca7df"
"0630e12f-8ff5-437e-b65f-fafce6d99e07","PUTRA / ADE ZONE","K1480","","[]","0","2025-11-13T04:19:57.288Z","b067b981-62f4-45b6-8486-97f52304a174"
"13a5625d-3a12-4e79-b282-2bd369ec295f","RESTU","K0743","","[]","0","2025-10-28T06:27:04.983Z","930496c4-9182-41a5-8314-4081366ddf59"
"b48bca8c-78a2-4ec1-9b16-84849a0b9b5a","REZEKI LANCAR","K1540","","[]","0","2025-11-03T07:42:07.542Z","5dcb45b7-da30-4713-97a0-bb3909f1aedb"
"1b2f93c6-34d6-48b6-bea9-0ad62463a02b","TOKO SAUDARA","K1916","","[]","0","2025-10-15T04:32:22.308Z","ee3065c1-a41f-491f-92d7-a5b34137bee4"
"0630e12f-8ff5-437e-b65f-fafce6d99e07","PUTRA / ADE ZONE","K1480","","[]","0","2025-10-23T04:18:47.109Z","bae68780-c3d1-444e-bde6-8eb2f256f451"
"05577f8c-d28b-489a-97c9-ed86f7ff8658","SD IT AL HUSNA 2","K1759","","[]","0","2025-11-07T02:47:22.249Z","b6d2510e-c2f8-4255-9407-e20f050655fd"
"2821519d-7cc4-41e1-a814-90f13118ad5f","RIYADLUL QUR'AN","K1286","","[]","0","2025-11-01T03:07:06.182Z","e84c4ed3-cede-40be-aa94-a0bdb059c550"
"73aa11aa-beeb-48e7-ada7-b4570c1c748f","TOKO ANDI","K1179","","[]","0","2025-10-22T08:53:52.646Z","7a4af21d-7e06-40f6-9b3c-eda9f446fb9d"
"085bbef4-729a-4a83-b1e3-fd32ded0b809","TOKO ALI","K1154","","[]","0","2025-10-22T06:14:53.647Z","217f5a80-9c4c-4a84-b5d0-337244d43bfc"
"db68a5d9-ae22-4a70-ab8b-255b514f95ec","MUNTATIAH","K1366","","[]","0","2025-11-12T03:24:20.022Z","32683b18-0d3b-440c-9ce2-42f9c6f94bb1"
"6740f4eb-2965-4ce0-b956-ef3ea30624a8","TIGA SAUDARA","K0367","","[]","0","2025-11-03T09:10:50.818Z","f3153e5a-cd46-4ed6-a9bf-1a4a6e7cb917"
"076fe413-eca6-4801-8b3a-5e60a504e06e","STICOM","K0511","","[]","0","2025-11-07T04:37:55.059Z","198fde86-90a3-47df-906e-5ef4df1e3d52"
"31ec4308-1feb-466a-b016-366534a6c708","SIDO MULYO","K1484","","[]","0","2025-10-28T04:39:32.212Z","7f010cee-e7a6-4388-957c-eaf418d57ea8"
"a5236b10-7c2d-4190-8e17-ffc69bf239c6","SUMBER MULYA","K1535","","[]","0","2025-10-25T07:09:47.861Z","0af90bf1-b239-471d-9586-4f2b0252544c"
"89eb1af4-9c31-45a6-981a-682f6cad4935","ABDUL MUJIB","K1315","","[]","0","2025-10-15T09:40:04.953Z","3f0e7e6b-532b-4711-97e3-e3cef68aa4fe"
"83edde2c-8235-46b0-9882-37e7c2b19135","KUSRIYAH","K0742","","[]","0","2025-10-29T08:43:23.199Z","dd979f5a-58d4-49d2-9bc2-151224e67521"
"f72200de-8f83-4445-a6df-6e809b284ccb","YANI","K0462","","[]","0","2025-10-30T05:42:04.000Z","4c26f9db-cc89-43ba-a482-429885bceab4"
"b2a770ad-be1c-4bcf-b4e6-45e16744ee44","NYAH JIT","K1708","","[]","0","2025-10-11T08:33:06.259Z","92d63b28-32a5-4631-8267-f6d52f65de98"
"f33633d7-0b22-480a-9ab0-e1dac6fcedff","MARYATI","K0378","","[]","0","2025-11-11T07:22:19.773Z","63706cfe-b3ec-4344-afd9-e621de7363d2"
"73aa11aa-beeb-48e7-ada7-b4570c1c748f","TOKO ANDI","K1179","","[]","0","2025-11-12T07:22:02.926Z","8530cd05-9924-4b1f-917a-7c4b8d5e48d7"
"4c4cb1e2-7e9f-45b2-97e8-4f1de565ca6e","SD IT AL HUSNA PELEMKEREP","K1656","","[]","0","2025-10-31T03:12:35.111Z","5f9cf97e-835d-478a-b091-13a4b5227765"
"42f49f2f-b3cb-4c8a-bc9d-3dd78a6e9c91","LAKSITA SWALAYAN","K2101","","[]","0","2025-10-02T06:19:10.622Z","5970b8f6-c944-4779-90d3-6d64b0c62e07"
"a741d86a-e4b0-413b-96bf-e9be7940219e","SDN 1 BAKALAN ( TOKO SEMBAKO AHLIS )","K2015","","[]","0","2025-10-17T08:36:26.967Z","24d1e640-247a-401e-bcbe-0c5e5e9b2fce"
"96c0664e-91cd-44e1-aff7-d506a4ab7270","RATU WALI","K1498","","[]","0","2025-10-11T05:14:22.916Z","d79b050d-61de-4624-a047-d07d7f8952b7"
"4e30038c-8dae-43aa-99c9-ed8e324c2bdf","NUR YONO","K1982","","[]","0","2025-11-15T06:20:11.135Z","46f0fd5d-16d4-4b83-a38d-19b4f1302559"
"450a2e4d-46dd-4d9b-8459-ea1b8a969308","ABIYAN CAKE","K1613","","[]","0","2025-11-15T04:34:08.758Z","5064219e-2416-432c-9b44-9a1250602040"
"489380bc-8dca-446c-b652-3e71ea347503","TOKO HAPSARI","K1936","","[]","0","2025-10-23T02:59:00.834Z","df5668d0-cb55-4152-ad24-78a72ba3ecfa"
"e0178599-c98c-4f4a-8457-d64738b49665","TATA MANDIRI","K0365","","[]","0","2025-10-01T03:52:36.139Z","1fe56619-7a3f-4959-a7c6-deb3ae5cd251"
"6741fcee-d6a3-41c0-bd06-d23b4b20f021","BU ISTIANAH ( MTS URWATIL WATSQO )","K2066","","[]","0","2025-10-13T02:47:07.599Z","57f31d37-ca4f-4ddf-93ab-8e43ddbed5fa"
"918a9f86-c4d7-44b1-b1b6-aad9ecec0c8f","TOKO SHERLY","K1500","","[]","0","2025-10-29T03:21:11.478Z","39955e19-773d-4213-b682-e4a979df8762"
"447595c6-2025-4419-a012-8d94be89e4bc","TOSERBA JIWA MART","K2008","","[]","0","2025-11-11T08:43:32.000Z","87d33499-41e9-4f34-820b-9e1a92b01195"
"hrGSsYjRN0DC2i3QPnxO","TOKO RAHMAT","K1816","","[]","0","2025-10-17T07:52:26.245Z","58ddc16d-88d4-4b6b-9a5c-076d15ac2efb"
"0a8c5daa-4367-4b2e-ba73-90c306b70543","TOKO VANIA","K1868","","[]","0","2025-11-05T06:12:27.320Z","8af180ce-cdf6-44a7-a4f7-948d147a95f5"
"f5170c6c-2fd8-4a00-90af-f85325da4666","WARUNG MADURA AL-AMIN 2","K1649","","[]","0","2025-10-16T08:54:41.363Z","a17ab0ca-08c6-4683-af74-36cdb9cd4ce0"
"c12ade19-3806-4495-a693-5801bd341095","TOKO LISA","K1899","","[]","0","2025-10-23T09:37:51.527Z","862ada3e-4a5b-4163-a599-93e8c17e0caf"
"e9cf0e15-59df-4e0d-9bb7-864ab214b693","TOKO INDANAH","K1513","","[]","0","2025-11-12T07:36:47.321Z","21045948-3447-4cd2-ab48-18274053d7c6"
"a7c7182a-009a-4ea1-ae84-f5392b6e438d","TOKO PAK MUL","K1323","","[]","0","2025-11-03T04:15:03.590Z","0868ff38-4433-4364-bfc4-30eb03b6c081"
"73b2db6a-6e48-4727-b318-67da1d4bad20","SMK ISLAM AL HIKMAH MAYONG","K1387","","[]","0","2025-11-13T02:18:50.218Z","3e3d59d5-c6ee-44d8-afbc-143ded26ffb1"
"0baeec56-611a-42f1-a19c-64e3e6ca6120","ENDANG RISTIYOWATI","K0532","","[]","0","2025-10-03T08:47:08.009Z","4f5c7e1e-bc5d-47af-8003-f6178d4824bd"
"447595c6-2025-4419-a012-8d94be89e4bc","TOSERBA JIWA MART","K2008","","[]","0","2025-10-21T07:58:00.328Z","e16678d7-6177-433d-9d13-b2d8e80b1e1a"
"4c4cb1e2-7e9f-45b2-97e8-4f1de565ca6e","SD IT AL HUSNA PELEMKEREP","K1656","","[]","0","2025-10-03T04:21:51.344Z","62d954b7-edd8-4f8e-ad41-0f60314e1765"
"1a6e6895-9913-4174-bcbb-ede34d8049ac","SUPARNO","K0390","","[]","0","2025-10-29T06:22:50.747Z","38a863ff-cdc5-4baf-b12c-1079487b3617"
"c8674610-9d57-4ee8-adb7-2f2fa51ba073","TOKO RIZKY OS","K1502","","[]","0","2025-10-20T07:44:40.990Z","28ef25c5-12d2-40b4-9bff-3bb5bd4ab0f7"
"a5236b10-7c2d-4190-8e17-ffc69bf239c6","SUMBER MULYA","K1535","","[]","0","2025-11-15T06:35:22.178Z","e97c2b6a-581d-45a8-8e15-e67cf9d651b4"
"68de525c-bf03-4eef-a8cb-0e3c3f7e1d03","MBAK MUNA","K1970","","[]","0","2025-10-31T03:15:55.912Z","6ecfbba0-6aa9-4951-86cf-924516977487"
"c3d5fd74-b777-410a-8463-833c6a80fa6f","Toko Koss Mart","K2014","","[]","0","2025-10-23T07:49:25.941Z","f4d538a9-1cea-4809-8071-9c5d943d2667"
"2a8d298a-0221-4c9a-bd58-212d1c193741","FARIDA ERYANTI","K2005","","[]","0","2025-10-23T07:49:37.696Z","7429930e-3814-4b63-be1b-755c6c11917c"
"447595c6-2025-4419-a012-8d94be89e4bc","TOSERBA JIWA MART","K2008","","[]","0","2025-11-04T07:02:54.353Z","6ca84287-4ac6-47ba-91e5-2d4a078fc36d"
"b70a9f43-e20b-45ec-9a0d-d79820b128ba","APOTEK PUTRA PRIMA","K1993","","[]","0","2025-10-03T08:41:47.854Z","06b61371-f7b8-4135-b2a9-ca64479ea02a"
"e1c8d2c7-8b0d-4895-b0f1-a995d145c4ab","ILMA JAYA","K1118","","[]","0","2025-10-14T09:16:12.665Z","208b7133-c980-4be3-bf08-e7a5d8e570f8"
"4c4cb1e2-7e9f-45b2-97e8-4f1de565ca6e","SD IT AL HUSNA PELEMKEREP","K1656","","[]","0","2025-10-11T05:04:46.207Z","645829c1-014b-453e-8dd5-ffc2e7eb246f"
"184324cb-592a-4970-a67b-f96b7dc02a65","SAMILATUN KHASANAH","K1945","","[]","0","2025-10-06T03:19:25.234Z","36674d3e-8bf8-4caf-856f-1fedd6b5b244"
"9f00f5a3-94ad-4211-9400-1c969d5e1641","MADURA BUNDA","K2077","","[]","0","2025-11-13T09:06:55.285Z","8aa42057-9a2a-4203-8936-0e8004637e6a"
"4c4cb1e2-7e9f-45b2-97e8-4f1de565ca6e","SD IT AL HUSNA PELEMKEREP","K1656","","[]","0","2025-11-07T03:01:22.421Z","a17a48b9-a5e9-43d4-a92d-8000ec9a9dd4"
"504129c5-e443-44cc-97f8-0b61a7f78b57","SUDARTO","K0676","","[]","0","2025-10-16T08:54:34.066Z","09a6ed17-439d-4775-b417-f680b773f643"
"hX7OpXJoabbPtqfEEJTI","KANTIN PKU MUHAMMADYAH MAYONG","K0458","","[]","0","2025-10-03T08:43:44.415Z","e18ef946-cc80-412f-846a-e73d2861a7c3"
"2f89e7d9-b919-45f0-8588-649cd350193a","SD 1 BUARAN MAYONG","K1751","","[]","0","2025-10-07T05:10:17.158Z","1f66b9a2-98d5-4ef1-b1a4-0d8da53c98d3"
"83528420-dead-43fa-9297-c45b89e82dd9","DEWI","K0502","","[]","0","2025-10-10T04:19:53.400Z","d9c3cdf4-c364-49d9-870e-a51bda3fbfed"
"ofWTyzpsse8zoCymsmtO","AL HUSNA 5 PANCUR","K1919","","[]","0","2025-10-20T06:11:09.448Z","ac4b54ef-1abd-4181-9569-1d5a20c7c47f"
"c8f0dfb8-569f-44bd-b436-2003dbf7caf0","TOKO SOCHIBATUL MUNAWAROH","K1528","","[]","0","2025-10-08T07:44:26.566Z","efff2066-9c3c-42fd-a85e-40d7fb300f65"
"db68a5d9-ae22-4a70-ab8b-255b514f95ec","MUNTATIAH","K1366","","[]","0","2025-10-22T04:02:21.312Z","9aeec2eb-cceb-40f7-8964-0dc7e48c053f"
"4e30038c-8dae-43aa-99c9-ed8e324c2bdf","NUR YONO","K1982","","[]","0","2025-10-25T03:53:51.757Z","a2e62026-db1f-49a4-a790-06ed64096ef6"
"899f4979-f37e-45a1-a867-04c21c04fe75","TOKO VIANA","K1911","","[]","0","2025-11-12T06:18:10.310Z","2fae055f-6e6d-42c3-a667-0f75707ed05c"
"918a9f86-c4d7-44b1-b1b6-aad9ecec0c8f","TOKO SHERLY","K1500","","[]","0","2025-11-12T03:24:13.356Z","4fdef674-4064-48c4-956a-0d7a86de3461"
"450a2e4d-46dd-4d9b-8459-ea1b8a969308","ABIYAN CAKE","K1613","","[]","0","2025-10-18T06:44:48.936Z","4c66a39f-d47a-4c6c-bdb3-dcaff7323f2c"
"1b2f93c6-34d6-48b6-bea9-0ad62463a02b","TOKO SAUDARA","K1916","","[]","0","2025-10-01T03:20:09.823Z","a1c6b3c3-2bee-498c-93df-e68ac0b14619"
"c90bb0bc-7d18-4531-bf39-eee5fb08812e","SD IT AL ANWAR","K1658","","[]","0","2025-10-17T06:56:27.021Z","38978237-67ee-4d5e-b056-48c6a16e7b4f"
"1f920f03-02ba-4802-aa4b-cb4a97979cac","RONDHI ARDIYANTO","K0936","","[]","0","2025-10-20T04:26:11.349Z","b47b9135-9d84-4e9c-88f5-5a071b886113"
"9bcbb48e-0211-483a-b795-18515c9f35e3","MADUN","K0373","","[]","0","2025-10-21T08:42:14.253Z","4aaaab0a-23d4-4070-ac4c-85bc0b25212c"
"e9cf0e15-59df-4e0d-9bb7-864ab214b693","TOKO INDANAH","K1513","Event kardus : Free chocomalt 2 Box","[]","0","2025-10-15T08:01:30.070Z","861dd9c9-83f4-4e88-8c0e-e1375aec7394"
"ed99e387-6f40-41f7-9f96-0fedaa963ad2","ENDANG SRI WAHYUNI","K1367","","[]","0","2025-10-29T06:01:18.457Z","64722df3-c99f-4fa5-9040-a323d08fd752"
"f95a2adb-5a3d-4346-8f44-498ca87734bb","MI ASSALAM SINGOROJO","K1928","","[]","0","2025-10-29T03:20:57.994Z","757b4553-9f42-4719-aff7-6e5371e97708"
"9d04d72a-ccba-4163-82f0-2c5f6a45db2a","SISWANTO","K0526","","[]","0","2025-10-16T04:39:06.624Z","6eadb683-b6cb-472d-8256-9d208e6ccf6b"
"9a4ca1b7-f882-40dc-b5e2-b6a2a3aa1bb5","TOKO ANUGERAH","K1969","","[]","0","2025-10-20T03:42:18.881Z","8cf63ead-1917-43c3-82fa-152f49917e63"
"1a6e6895-9913-4174-bcbb-ede34d8049ac","SUPARNO","K0390","","[]","0","2025-10-22T09:01:48.648Z","eab6daa5-0b7c-48bc-a45f-a9e5766ef6d0"
"hX7OpXJoabbPtqfEEJTI","KANTIN PKU MUHAMMADYAH MAYONG","K0458","","[]","0","2025-10-31T07:57:19.749Z","a3d2f297-8ab7-43ec-a5af-1cd045989957"
"b5d38fb0-a0c8-4c28-b7f2-65c9df303862","SD 3 BUNGU","K1787","","[]","0","2025-10-20T04:27:38.907Z","407beaf6-1eb0-40a3-9cf7-7ba021623195"
"be1da9ae-ecea-480f-860c-e9fd14864698","TOKO RENASYA","K1512","","[]","0","2025-10-23T02:39:36.655Z","9e85ab28-91c8-4a76-8cee-382257ad8fc6"
"9bcbb48e-0211-483a-b795-18515c9f35e3","MADUN","K0373","","[]","0","2025-10-28T07:40:05.000Z","5ba2bfb6-ea6d-4e4e-a407-fd7e9543b501"
"ee44c035-af97-46c2-93cd-934252ce01a9","MUNAWAROH","K1121","","[]","0","2025-10-13T05:56:38.595Z","6babe687-1079-4490-bed6-82681278c224"
"c8f0dfb8-569f-44bd-b436-2003dbf7caf0","TOKO SOCHIBATUL MUNAWAROH","K1528","","[]","0","2025-11-04T09:51:56.194Z","f582964d-6511-44ce-9853-60dbc5058e30"
"3eef16cb-1655-4ead-8181-4014c71bd002","BERKAH SAFAR","K1482","","[]","0","2025-10-08T08:36:16.336Z","f66275fc-19cb-4c4c-ad30-1d6ab5259ae5"
"7d53152c-ff29-48d5-a39d-b6bcd58a85a3","KOPERASI AL-ALAWY","K1555","","[]","0","2025-11-08T05:00:39.245Z","680cb857-1cfd-43bb-a875-76689733bafc"
"86c5013d-3fb3-4968-9d6f-a4c6ac3e34bd","ELLA 2 KANTIN MTS BALEKAMBANG","K0391","","[]","0","2025-10-21T03:55:07.511Z","3fb99997-1b97-44fa-a1d1-9c199f874fa9"
"b2a770ad-be1c-4bcf-b4e6-45e16744ee44","NYAH JIT","K1708","","[]","0","2025-10-04T08:29:10.402Z","3c338c1b-c132-41b0-8e31-9e7c004a52fe"
"4788336f-5c4c-4646-8d12-7936fe3b2d84","ELLA 3 SMK PUTRI BALEKAMBANG","K0392","","[]","0","2025-10-28T09:42:14.171Z","aa463753-5a85-4223-a99c-50844d131211"
"c8f0dfb8-569f-44bd-b436-2003dbf7caf0","TOKO SOCHIBATUL MUNAWAROH","K1528","","[]","0","2025-10-01T08:20:42.527Z","be3abc52-a747-409f-85ed-120015e44f2f"
"83528420-dead-43fa-9297-c45b89e82dd9","DEWI","K0502","","[]","0","2025-10-31T04:35:17.878Z","39b70e0d-dac9-4f2b-aae1-91b188cadc64"
"184324cb-592a-4970-a67b-f96b7dc02a65","SAMILATUN KHASANAH","K1945","","[]","0","2025-10-20T09:18:48.082Z","245f3c10-62f1-4802-ab4c-c27ea7c50ba5"
"4e30038c-8dae-43aa-99c9-ed8e324c2bdf","NUR YONO","K1982","","[]","0","2025-10-11T06:30:46.546Z","b33594f0-3a5c-4a90-bc38-c7596fef7566"
"a0c38ab0-a753-4852-9152-8919a3a021e1","TOKO WAHYUDI","K1586","","[]","0","2025-10-15T06:49:00.007Z","a5706859-615e-428a-b548-1dd115f21418"
"1b9e05dd-0402-412e-9ba4-1e321199725e","NUR AFIDAH","K1278","","[]","0","2025-11-11T04:42:31.278Z","d540c4b7-b7c1-4064-8af1-081f9cd98e96"
"4e30038c-8dae-43aa-99c9-ed8e324c2bdf","NUR YONO","K1982","","[]","0","2025-10-18T04:41:15.169Z","9ed50741-769f-49ef-9583-c30fc1c033b9"
"ed99e387-6f40-41f7-9f96-0fedaa963ad2","ENDANG SRI WAHYUNI","K1367","","[]","0","2025-10-15T06:12:46.231Z","0a3f71a2-b239-4b4c-8bc4-1fd0ce01d33e"
"01211cd5-a06d-4d0a-bb4d-bf5a2ce00879","APOTEK PANCUR","K0352","","[]","0","2025-10-13T08:47:43.032Z","55d12573-5d14-4542-b1c1-1a50ca1e4f98"
"83edde2c-8235-46b0-9882-37e7c2b19135","KUSRIYAH","K0742","","[]","0","2025-11-05T05:03:10.149Z","c980a3ea-02f9-43ca-bab9-5f521c8cf978"
"f95a2adb-5a3d-4346-8f44-498ca87734bb","MI ASSALAM SINGOROJO","K1928","","[]","0","2025-11-12T02:40:52.271Z","f13f057b-a682-43b3-ab81-dd32cb724bac"
"54fdba50-504d-42aa-b316-bc482ba22865","MUHKAFI","K1832","","[]","0","2025-10-27T08:15:39.026Z","49d2b717-7d53-4ce9-bd55-22c6c98a9307"
"b2a770ad-be1c-4bcf-b4e6-45e16744ee44","NYAH JIT","K1708","","[]","0","2025-10-18T06:38:44.034Z","bf123f70-733c-484e-8771-f300cdb3e160"
"fbf2ac52-7ceb-47fd-87bc-fc43e6f88520","WIWIK","K0424","","[]","0","2025-10-14T05:21:18.480Z","fce88cd1-55f2-4919-9945-e576ef5518f9"
"83528420-dead-43fa-9297-c45b89e82dd9","DEWI","K0502","","[]","0","2025-10-03T02:48:46.748Z","b651ff5d-e76d-4806-87d7-d1034e221970"
"e9cf0e15-59df-4e0d-9bb7-864ab214b693","TOKO INDANAH","K1513","","[]","0","2025-11-05T05:21:54.624Z","fed79139-2e3d-4f97-8060-bdead649226e"
"c90bb0bc-7d18-4531-bf39-eee5fb08812e","SD IT AL ANWAR","K1658","","[]","0","2025-11-14T03:10:21.876Z","8b4ecbf8-e7e1-428f-aacd-d39e394e45e6"
"b5d38fb0-a0c8-4c28-b7f2-65c9df303862","SD 3 BUNGU","K1787","","[]","0","2025-10-27T04:36:07.583Z","d376f4e6-541a-4a7e-9859-a3c9fa22a010"
"fbf2ac52-7ceb-47fd-87bc-fc43e6f88520","WIWIK","K0424","","[]","0","2025-10-28T05:22:36.361Z","cd5c44d1-d030-45f3-bc9a-ab0b392b556b"
"450a2e4d-46dd-4d9b-8459-ea1b8a969308","ABIYAN CAKE","K1613","","[]","0","2025-10-24T17:00:00.000Z","fdf2e447-0132-4283-8ec2-0d895704ffa5"
"e1c8d2c7-8b0d-4895-b0f1-a995d145c4ab","ILMA JAYA","K1118","","[]","0","2025-10-28T09:36:46.618Z","a3396cf3-11f4-4da1-a331-3b7183f29642"
"0854317f-6841-4c58-b632-29a134dc533c","MUSYAFAK","K0512","","[]","0","2025-10-25T05:46:57.683Z","c6e5c0f5-8bd4-4b12-b815-dfac0d068495"
"1b9e05dd-0402-412e-9ba4-1e321199725e","NUR AFIDAH","K1278","","[]","0","2025-10-28T04:39:25.024Z","7a89744c-615f-4cc5-b3f1-bc2235ae543e"
"48ff2b1f-a4aa-4e1a-9ccf-d3611ccac180","SEJAHTERA FROZEN FOOD","K1854","","[]","0","2025-11-07T15:02:25.277Z","4405e483-d764-49b6-9757-1fa8e7fb6141"
"a0ad1bcb-101a-4c18-b744-f91787682c64","MJ CELL","K0441","","[]","0","2025-10-03T05:45:08.695Z","347dc0f7-875f-4796-9dfd-c8fb09f737ba"
"01211cd5-a06d-4d0a-bb4d-bf5a2ce00879","APOTEK PANCUR","K0352","","[]","0","2025-10-06T09:26:47.813Z","1129aaf6-7120-4906-91f8-66f82f47c697"
"ffa0c4ae-3554-41eb-ad5b-29823634e4a5","NOR AMIN MAHMUD","K1987","","[]","0","2025-10-21T05:21:36.893Z","315c5b19-a896-4f48-8fd2-2281aba86e2a"
"b94cfa77-8407-4578-af10-6b2772ecf219","TOKO MBAK RINI","K1725","","[]","0","2025-10-01T07:45:32.943Z","2a7b5f34-7628-44fd-91df-28d8372800a2"
"a0ad1bcb-101a-4c18-b744-f91787682c64","MJ CELL","K0441","","[]","0","2025-11-14T03:50:42.906Z","9829be28-61d9-422d-8b9f-1032f54450be"
"1ac0f0ae-3a27-4bca-934c-44da7fb0f09b","MASRUKIN","K1334","","[]","0","2025-11-11T07:14:44.873Z","169b0888-cf73-4632-9000-cc9c1d8e28a3"
"7d53152c-ff29-48d5-a39d-b6bcd58a85a3","KOPERASI AL-ALAWY","K1555","","[]","0","2025-11-15T03:52:45.088Z","bbaa4adb-a743-4a5b-84b6-fcd195e634e2"
"a23f56d7-66b7-4466-a4ee-4d79926c4689","SAMI JF MART","K1298","","[]","0","2025-10-09T09:02:55.031Z","2f5b36b2-2a41-4e29-bfbb-183d1a9167ad"
"96c0664e-91cd-44e1-aff7-d506a4ab7270","RATU WALI","K1498","","[]","0","2025-11-01T04:38:19.403Z","2038e8d4-088e-419a-a193-a81cf83ecc28"
"0a8c5daa-4367-4b2e-ba73-90c306b70543","TOKO VANIA","K1868","","[]","0","2025-11-12T05:25:59.671Z","9a831c83-8949-41df-9339-fd99b9cbe73f"
"ffa0c4ae-3554-41eb-ad5b-29823634e4a5","NOR AMIN MAHMUD","K1987","","[]","0","2025-10-28T05:22:42.000Z","9fda09df-2a45-4512-a6e9-c0b39eb1c3d4"
"a7c7182a-009a-4ea1-ae84-f5392b6e438d","TOKO PAK MUL","K1323","","[]","0","2025-10-27T04:36:39.817Z","2960d441-9f79-4b2b-971d-fbbe1b9889ed"
"89eb1af4-9c31-45a6-981a-682f6cad4935","ABDUL MUJIB","K1315","","[]","0","2025-10-01T09:03:55.359Z","4ffbb4ba-e65e-462c-a1fa-79d8100fb8c4"
"de837004-998f-4d9d-9ceb-27c3277a4493","ALHUSNA MART","K0439","","[]","0","2025-10-17T09:46:33.979Z","f8693c9b-1aaa-4963-ba42-44f42a774aef"
"96c0664e-91cd-44e1-aff7-d506a4ab7270","RATU WALI","K1498","","[]","0","2025-10-04T07:06:32.245Z","d472bdf6-efcd-4fd8-96ef-a6a9e3105185"
"ebcd6f2e-25bc-4095-a33b-e8c70767797f","ALMA MART","K2002","Order dibuat dari halaman Order: ","[]","0","2025-10-05T15:03:40.650Z","c731a493-2302-44ef-a8d6-92946a66f5b7"
"ffa0c4ae-3554-41eb-ad5b-29823634e4a5","NOR AMIN MAHMUD","K1987","","[]","0","2025-10-07T04:46:21.005Z","3f794729-12af-4fad-8364-2d8d67ca79b8"
"b157661d-c0af-4658-8937-8d24c55731f9","MUSTAQIM","K1352","","[]","0","2025-10-27T07:51:04.363Z","ec967542-af83-4395-a958-99509148f384"
"86c5013d-3fb3-4968-9d6f-a4c6ac3e34bd","ELLA 2 KANTIN MTS BALEKAMBANG","K0391","","[]","0","2025-11-04T07:21:23.378Z","263b6efd-0fd6-48b8-be9c-a65732447ea8"
"1a59b3df-9602-48d3-9e38-45a07274d3b5","WINARNO","K2021","","[]","0","2025-11-14T08:58:33.615Z","d21348b3-1040-4a95-b298-52fc065abea0"
"daa3d0ec-8c44-4fe3-b6c1-10f0824b066b","MBAK YUYUN","K0379","","[]","0","2025-10-07T02:50:30.958Z","d4650147-53a5-44d0-bd98-f027efa94418"
"f5170c6c-2fd8-4a00-90af-f85325da4666","WARUNG MADURA AL-AMIN 2","K1649","","[]","0","2025-10-30T06:14:53.673Z","61b547cd-ed33-4b6e-9d8a-ba405a60c15b"
"a7c7182a-009a-4ea1-ae84-f5392b6e438d","TOKO PAK MUL","K1323","","[]","0","2025-10-13T05:16:44.513Z","79ad52bb-8661-4277-a296-ec63d9f43418"
"075fb1be-a864-4c5d-a4c3-79a3d0d9dc17","SUMUK CELL","K0504","","[]","0","2025-10-10T05:59:11.263Z","89bf02b3-6084-4fab-991c-c84dc89f8f3b"
"b70a9f43-e20b-45ec-9a0d-d79820b128ba","APOTEK PUTRA PRIMA","K1993","","[]","0","2025-10-09T07:01:29.769Z","9ccac6a2-9eda-442c-a396-594b552a80fd"
"83edde2c-8235-46b0-9882-37e7c2b19135","KUSRIYAH","K0742","","[]","0","2025-10-01T07:01:22.605Z","755a02c9-a722-46ae-9a16-8e06dcb9751e"
"dac70836-d6ea-4a26-951c-fb5eb9bbedc6","ZUMAEROH","K1599","","[]","0","2025-10-06T04:04:05.861Z","0dc335c7-e77d-4e54-bed3-67d92e66ad82"
"bg5QtWE4C8JBbd7ZjClA","FC RIFKI MUSLIM","K1876","","[]","0","2025-09-30T15:50:47.045Z","46de3de9-1d1d-42c0-9e3c-66c0e64c3eb3"
"3edba757-a19f-4272-9fac-d97ad6526fca","BERKAH SHOLAWAT","K1476","","[]","0","2025-11-13T09:06:21.734Z","bec1bf75-42ba-43db-883a-bd41a0db15a8"
"085bbef4-729a-4a83-b1e3-fd32ded0b809","TOKO ALI","K1154","","[]","0","2025-10-01T09:46:18.825Z","5ebdc9c6-95dc-4ab8-8fe0-bc7aabfd1bc4"
"447595c6-2025-4419-a012-8d94be89e4bc","TOSERBA JIWA MART","K2008","","[]","0","2025-10-28T07:30:00.426Z","ff0a1eb0-de9e-453c-9209-24bf05c9ee5a"
"a0ad1bcb-101a-4c18-b744-f91787682c64","MJ CELL","K0441","","[]","0","2025-11-07T08:35:35.203Z","122d5d02-4209-45e0-b88c-4edadc75c571"
"bfbe22f8-8a11-45bf-9464-2476ef03e90c","AL-FALAH","K0375","","[]","0","2025-11-11T03:34:49.673Z","9bae61c2-15ca-4fcf-befc-9a3d103d112a"
"1ac0f0ae-3a27-4bca-934c-44da7fb0f09b","MASRUKIN","K1334","","[]","0","2025-10-29T08:23:30.000Z","4e82e305-ad20-422c-bb53-5d2ff9700b14"
"c12ade19-3806-4495-a693-5801bd341095","TOKO LISA","K1899","","[]","0","2025-10-09T10:33:36.075Z","b607d074-284d-489e-be41-db340e922f25"
"1ac0f0ae-3a27-4bca-934c-44da7fb0f09b","MASRUKIN","K1334","","[]","0","2025-10-07T06:49:32.438Z","7acdd5f2-f30a-4c8d-9658-6b11ea186d32"
"05a42fbe-9be5-4835-9d1e-865ddad37323","KHUDIN","K0661","","[]","0","2025-10-01T09:44:01.581Z","5bb39b21-db36-4f75-a8fb-e9dee9e70230"
"0baeec56-611a-42f1-a19c-64e3e6ca6120","ENDANG RISTIYOWATI","K0532","","[]","0","2025-10-30T08:39:19.722Z","2fdfa3a8-6770-448c-9260-67b9a31683f9"
"918a9f86-c4d7-44b1-b1b6-aad9ecec0c8f","TOKO SHERLY","K1500","","[]","0","2025-10-15T04:32:14.672Z","9ea786c0-fd62-4e66-a9ae-41ec65641cf4"
"c3d5fd74-b777-410a-8463-833c6a80fa6f","Toko Koss Mart","K2014","","[]","0","2025-10-09T07:24:39.511Z","54b48f77-5a2b-41f4-a298-2d44f99daeff"
"b48bca8c-78a2-4ec1-9b16-84849a0b9b5a","REZEKI LANCAR","K1540","","[]","0","2025-10-06T06:15:18.067Z","e9c2ebe9-267e-4d50-819b-f3e4f4cb7ce2"
"447595c6-2025-4419-a012-8d94be89e4bc","TOSERBA JIWA MART","K2008","","[]","0","2025-10-07T08:15:14.317Z","e3e2f4a0-347c-4438-97ab-2252a5a2b907"
"a5236b10-7c2d-4190-8e17-ffc69bf239c6","SUMBER MULYA","K1535","","[]","0","2025-10-11T08:34:34.117Z","8240c10b-d67e-42f3-bd51-b98b6533fbfb"
"4d252543-4e0e-4fc1-b82d-6a6fc91f9228","TIGA SAUDARA 2","K1149","","[]","0","2025-10-13T08:09:09.994Z","f804785b-941d-4026-98ba-6b8090801131"
"bfbe22f8-8a11-45bf-9464-2476ef03e90c","AL-FALAH","K0375","","[]","0","2025-11-04T03:11:05.433Z","461f6ff9-86c1-49b5-abd1-a640fc0088bb"
"e2c738ed-833e-467a-be25-e3a8ce9caf9c","YANI 2","K1018","","[]","0","2025-10-16T07:20:18.290Z","37b5b0cd-d776-485b-988f-2044fb4645ac"
"83edde2c-8235-46b0-9882-37e7c2b19135","KUSRIYAH","K0742","","[]","0","2025-10-08T09:26:27.247Z","d8abb5d5-e0d6-4785-bf38-5907918b7481"
"918a9f86-c4d7-44b1-b1b6-aad9ecec0c8f","TOKO SHERLY","K1500","","[]","0","2025-10-01T04:24:28.188Z","8ed5d35b-cada-43d5-b54d-5d02044544fc"
"899f4979-f37e-45a1-a867-04c21c04fe75","TOKO VIANA","K1911","","[]","0","2025-10-22T05:36:55.077Z","ed19ff3e-4aa6-4f53-ba2d-ed2c65699fb7"
"1b2f93c6-34d6-48b6-bea9-0ad62463a02b","TOKO SAUDARA","K1916","","[]","0","2025-11-12T03:03:58.484Z","84cd2bac-f61e-4c68-a4bc-216c57b294fc"
"7dHRay9lYvtsQBmfQUzz","ANNISA MEDINI","K0416","","[]","0","2025-09-30T15:54:59.104Z","4a0396b8-b987-4543-94dc-879d9521b687"
"9a4ca1b7-f882-40dc-b5e2-b6a2a3aa1bb5","TOKO ANUGERAH","K1969","","[]","0","2025-10-06T03:32:40.446Z","cf54b920-e739-4d4c-a765-a5d04642a5aa"
"a8462560-2ad3-4544-9956-5090773229c4","MBAK IS","K0485","","[]","0","2025-10-18T04:02:14.654Z","c1d92454-507a-4287-993e-e30f4b6cf1b1"
"ffa0c4ae-3554-41eb-ad5b-29823634e4a5","NOR AMIN MAHMUD","K1987","","[]","0","2025-10-14T04:22:59.444Z","a8388b72-e8c2-47a7-ad89-49f18e74056f"
"89eb1af4-9c31-45a6-981a-682f6cad4935","ABDUL MUJIB","K1315","","[]","0","2025-11-12T08:57:54.685Z","524a9b51-dd0e-4e7f-a676-fc9a35ad3a3a"
"f0f0411f-a288-420e-8d87-76709f11a8b6","LINAWATI SMU MUH 2","K1197","","[]","0","2025-10-16T04:38:51.659Z","735884a8-fba3-4491-890d-e34efaf4c62f"
"67abfcd5-d88a-4513-bd29-597353ebb2a9","NIKMAT SEMBAKO","K1543","","[]","0","2025-10-03T03:03:45.254Z","e4a1ecfe-b8fb-486d-92d2-eb81a1624980"
"da15329b-3086-48c9-a819-e7164ef6fbc4","AMIN","K0503","","[]","0","2025-10-18T03:21:57.693Z","d1206517-0aa9-4828-9b3b-75650d072f73"
"0854317f-6841-4c58-b632-29a134dc533c","MUSYAFAK","K0512","","[]","0","2025-10-31T06:04:04.340Z","e2601d1c-ba9c-4330-8f94-064e299b8fc1"
"ee44c035-af97-46c2-93cd-934252ce01a9","MUNAWAROH","K1121","","[]","0","2025-10-20T06:28:11.119Z","f5b4cd99-702b-4c67-87e5-39eeab9b6d43"
"KvDkcBJqJzsLvbm3pmuR","JAYA PLASTIK","K0415","","[]","0","2025-09-30T15:51:54.107Z","fac5ca98-7fd0-413a-bca2-d1674a34b603"
"73aa11aa-beeb-48e7-ada7-b4570c1c748f","TOKO ANDI","K1179","","[]","0","2025-10-08T08:50:06.748Z","02af299b-6ac2-4058-9295-ca962123bd41"
"e1c8d2c7-8b0d-4895-b0f1-a995d145c4ab","ILMA JAYA","K1118","","[]","0","2025-11-04T03:39:59.000Z","a2d8c764-567b-4f2d-8ef5-3f9612e0fbc8"
"075fb1be-a864-4c5d-a4c3-79a3d0d9dc17","SUMUK CELL","K0504","","[]","0","2025-10-17T06:52:25.482Z","c2b2c3b9-8138-4652-959c-d710c4fe0c42"
"c8674610-9d57-4ee8-adb7-2f2fa51ba073","TOKO RIZKY OS","K1502","","[]","0","2025-11-03T08:32:00.000Z","93025f86-0f14-45d6-b873-2b86af8aafcc"
"1548317b-4e5c-48fa-b203-2c9e9f46c3bb","MBAK IMA","K0740","","[]","0","2025-10-11T03:45:18.775Z","9e4de9f2-8d2d-4df0-b6e0-979ed8606bf1"
"6eec6ca7-9c50-4869-aee5-594f3bfe1588","ALIYA CELL","K0721","","[]","0","2025-10-25T07:32:05.393Z","555efaf5-633d-43e5-9757-c6bbb5d6784b"
"9a4ca1b7-f882-40dc-b5e2-b6a2a3aa1bb5","TOKO ANUGERAH","K1969","","[]","0","2025-10-27T03:13:15.025Z","52091191-ce3f-4469-8198-88fcfbad0868"
"b157661d-c0af-4658-8937-8d24c55731f9","MUSTAQIM","K1352","","[]","0","2025-10-06T07:13:13.417Z","3bded783-d44d-4b03-a6df-3fb1b67f8e64"
"1a6e6895-9913-4174-bcbb-ede34d8049ac","SUPARNO","K0390","","[]","0","2025-10-15T09:00:30.495Z","826662fc-6634-4e49-b081-b3538089a82c"
"be1da9ae-ecea-480f-860c-e9fd14864698","TOKO RENASYA","K1512","","[]","0","2025-11-06T03:28:25.000Z","4441a4e3-d6f7-422a-9b9f-fb752bf1be62"
"2821519d-7cc4-41e1-a814-90f13118ad5f","RIYADLUR QURAN","K1286","","[]","0","2025-10-04T03:44:59.754Z","16b22a86-28ef-4d3a-951b-4f3a6f24324b"
"1f920f03-02ba-4802-aa4b-cb4a97979cac","RONDHI ARDIYANTO","K0936","","[]","0","2025-11-03T04:14:51.030Z","ed9e969d-f241-42c6-95b1-2d0b293159ee"
"0baeec56-611a-42f1-a19c-64e3e6ca6120","ENDANG RISTIYOWATI","K0532","","[]","0","2025-10-17T04:30:55.374Z","f85db490-18f8-4070-b078-b893af31b559"
"f95a2adb-5a3d-4346-8f44-498ca87734bb","MI ASSALAM SINGOROJO","K1928","","[]","0","2025-10-08T03:27:33.142Z","76c0e8ee-91d9-48df-8646-810cebfa1907"
"a8462560-2ad3-4544-9956-5090773229c4","MBAK IS","K0485","","[]","0","2025-10-11T03:29:02.494Z","60c8dda9-9e07-4674-bd90-24b570813c73"
"489380bc-8dca-446c-b652-3e71ea347503","TOKO HAPSARI","K1936","","[]","0","2025-11-06T03:45:54.312Z","fa80d8c8-dd44-486c-b16e-1825719b133a"
"33f35fd3-2788-46bd-b710-1f18130ac326","WAKHIDATUS SHOLEKHAH","K1923","","[]","0","2025-10-18T03:52:47.609Z","1e012f76-6168-480e-b054-a0ff8cd453be"
"73aa11aa-beeb-48e7-ada7-b4570c1c748f","TOKO ANDI","K1179","","[]","0","2025-11-05T05:02:49.971Z","68b2a9bd-27b3-49c4-a7f3-4373d275a7d7"
"b94cfa77-8407-4578-af10-6b2772ecf219","TOKO MBAK RINI","K1725","","[]","0","2025-11-12T07:37:03.784Z","4e07b9c2-15ea-471b-9b6e-3aeefb49c427"
"a23f56d7-66b7-4466-a4ee-4d79926c4689","SAMI JF MART","K1298","","[]","0","2025-10-02T08:11:32.794Z","30ee4924-37dc-4dad-b430-b13538e0a0c1"
"b157661d-c0af-4658-8937-8d24c55731f9","MUSTAQIM","K1352","","[]","0","2025-11-10T06:48:42.388Z","3ed3df34-63d7-4ed8-88bb-7f82fdaaca76"
"a93d19f4-87ce-4bab-bf80-90060d03f4fb","TOKO BINTANI MART","K1409","","[]","0","2025-10-01T04:36:36.888Z","d735b666-6190-4627-a541-08333c5371df"
"ec532f91-e89a-459a-b3f2-846d12fd1304","TRANSIT MART 2","K1534","","[]","0","2025-10-17T09:46:44.816Z","d5ee6dbe-03b0-480a-a5b1-74a3f5a3ba8e"
"899f4979-f37e-45a1-a867-04c21c04fe75","TOKO VIANA","K1911","","[]","0","2025-10-15T04:55:34.513Z","ad5bb496-6520-4fbb-8208-7ac1d06721ca"
"9fbb5943-573d-446d-8745-49cd2cb235fc","AISYA","K1128","","[]","0","2025-10-13T06:50:53.266Z","bb3346fb-79dd-48b7-b327-e2532b4895bb"
"899f4979-f37e-45a1-a867-04c21c04fe75","TOKO VIANA","K1911","","[]","0","2025-10-29T05:30:49.000Z","e53a49e3-e560-4dd4-9cb7-76720c95dbd9"
"1a25730f-b5e5-401b-aeb9-2b1e07548778","TOKO M ANIQ ALFARUQI","K1533","","[]","0","2025-10-27T07:12:55.383Z","c0cf6454-b592-4052-8a42-8541b1872592"
"anWcVyyLevHAMDFssCz3","TOKO SRI ZAETUN","K1815","","[]","0","2025-09-30T15:54:33.784Z","cbc45b41-3292-4315-9870-57141f1ba8b7"
"a0ad1bcb-101a-4c18-b744-f91787682c64","MJ CELL","K0441","","[]","0","2025-10-31T07:39:02.000Z","9555798c-f8ed-4a11-9251-54685ccd0368"
"c90bb0bc-7d18-4531-bf39-eee5fb08812e","SD IT AL ANWAR","K1658","","[]","0","2025-11-07T07:50:36.161Z","b78315d4-bc53-4ff1-a1cc-ca2ab5d1d310"
"f33633d7-0b22-480a-9ab0-e1dac6fcedff","MARYATI","K0378","","[]","0","2025-10-07T09:55:44.504Z","0eb8b734-1086-4f08-902c-ba6d9915b50d"
"b94cfa77-8407-4578-af10-6b2772ecf219","TOKO MBAK RINI","K1725","","[]","0","2025-10-22T08:00:17.680Z","8f749c3e-17c0-4ae8-94db-c4f73df02313"
"f95a2adb-5a3d-4346-8f44-498ca87734bb","MI ASSALAM SINGOROJO","K1928","","[]","0","2025-10-22T02:47:13.628Z","d7bf1261-f2c9-43fc-8cfe-1c528d4d11b8"
"f95a2adb-5a3d-4346-8f44-498ca87734bb","MI ASSALAM SINGOROJO","K1928","","[]","0","2025-10-01T03:01:52.352Z","9e56757b-8d7e-41f5-af75-32034cc9b942"
"c3d5fd74-b777-410a-8463-833c6a80fa6f","Toko Koss Mart","K2014","","[]","0","2025-10-16T06:18:07.544Z","39f09203-574d-423c-a5d2-5446580fd238"
"6eCwQnclAdFyzGLDlNMc","ASMARA CELL","K1592","","[]","0","2025-09-30T15:54:46.623Z","51b12c1c-677c-4ca0-b5c6-9dd19cd40b4b"
"504129c5-e443-44cc-97f8-0b61a7f78b57","SUDARTO","K0676","","[]","0","2025-10-02T05:16:15.936Z","3a941100-fedb-4a32-98c4-0b146e9bd372"
"6741fcee-d6a3-41c0-bd06-d23b4b20f021","BU ISTIANAH ( MTS URWATIL WATSQO )","K2066","","[]","0","2025-11-03T02:36:40.791Z","d5e47830-09b8-4d5c-8ea3-57a1aa865930"
"b94cfa77-8407-4578-af10-6b2772ecf219","TOKO MBAK RINI","K1725","","[]","0","2025-10-08T07:44:48.423Z","c4856310-5a65-4f20-a5a6-3e150b6ee146"
"e2c738ed-833e-467a-be25-e3a8ce9caf9c","YANI 2","K1018","","[]","0","2025-10-02T04:35:31.964Z","d61a91dd-c96e-47d2-b1fe-5896bae0dbab"
"b2a770ad-be1c-4bcf-b4e6-45e16744ee44","NYAH JIT","K1708","","[]","0","2025-11-01T05:39:53.799Z","c7b2eb1d-6dcd-42e6-bec6-fbfa7ee3c18b"
"33f35fd3-2788-46bd-b710-1f18130ac326","WAKHIDATUS SHOLEKHAH","K1923","","[]","0","2025-11-15T03:22:20.928Z","869a7519-d153-4c90-be67-86e770336533"
"0854317f-6841-4c58-b632-29a134dc533c","MUSYAFAK","K0512","","[]","0","2025-10-03T09:14:11.623Z","01cb8b7e-62db-4026-bcc7-65da4ea6ae49"
"918a9f86-c4d7-44b1-b1b6-aad9ecec0c8f","TOKO SHERLY","K1500","","[]","0","2025-11-05T03:21:10.759Z","f347af02-14e0-44d5-b99d-9327537b8944"
"ec532f91-e89a-459a-b3f2-846d12fd1304","TRANSIT MART 2","K1534","","[]","0","2025-10-30T17:00:00.000Z","e2b6a097-f6fc-4fbc-92a5-809a3e3f6fa6"
"f95a2adb-5a3d-4346-8f44-498ca87734bb","MI ASSALAM SINGOROJO","K1928","","[]","0","2025-11-05T03:04:15.452Z","6ee07e3a-ee32-4aa7-9ae1-f786c3ebb105"
"2a8d298a-0221-4c9a-bd58-212d1c193741","FARIDA ERYANTI","K2005","","[]","0","2025-10-09T08:46:39.460Z","a63dff59-e335-4769-bb54-ccb30ca90ed6"
"6eec6ca7-9c50-4869-aee5-594f3bfe1588","ALIYA CELL","K0721","","[]","0","2025-10-04T08:07:39.371Z","6e1d87d0-74c0-4253-8209-97df3b0f390e"
"9a4ca1b7-f882-40dc-b5e2-b6a2a3aa1bb5","TOKO ANUGERAH","K1969","","[]","0","2025-11-10T10:26:28.325Z","0b896b91-e5d9-423e-b2ed-12b3895558ef"
"daa3d0ec-8c44-4fe3-b6c1-10f0824b066b","MBAK YUYUN","K0379","","[]","0","2025-10-28T03:13:49.000Z","697b5fd5-a761-4606-b98b-a3bb28e959ed"
"9d04d72a-ccba-4163-82f0-2c5f6a45db2a","SISWANTO","K0526","","[]","0","2025-10-23T03:37:07.871Z","8c78d789-c5f0-47cf-ad87-064914c2bf1c"
"6eec6ca7-9c50-4869-aee5-594f3bfe1588","ALIYA CELL","K0721","","[]","0","2025-11-08T07:22:49.000Z","bb56fd13-257f-450b-8570-7d4786412a9c"
"cd8de274-8720-4a01-9e17-073fec4f4af1","TOKO KOBER","K1571","","[]","0","2025-11-07T06:54:06.824Z","d78bc9e8-26be-4c3e-a0e6-a323ff613986"
"f33633d7-0b22-480a-9ab0-e1dac6fcedff","MARYATI","K0378","","[]","0","2025-10-21T06:41:15.150Z","576893a5-4934-4fd4-afa4-0c491f431cd9"
"184324cb-592a-4970-a67b-f96b7dc02a65","SAMILATUN KHASANAH","K1945","","[]","0","2025-10-13T09:39:12.045Z","8881b3fc-545b-4a71-9921-1333315e9e2a"
"b70a9f43-e20b-45ec-9a0d-d79820b128ba","APOTEK PUTRA PRIMA","K1993","","[]","0","2025-10-17T08:11:11.352Z","3f597c94-62c0-479f-935e-efff2343700d"
"3ff0830c-2f2f-45e4-9566-8fe33eb7c93f","SUKATI","K0467","","[]","0","2025-10-03T03:34:24.849Z","25aac594-5421-4ce5-ac6c-0db4ca6e8394"
"4d252543-4e0e-4fc1-b82d-6a6fc91f9228","TIGA SAUDARA 2","K1149","","[]","0","2025-10-06T10:22:21.151Z","b6655567-d7b4-4158-9213-0dbaf25c94c1"
"075fb1be-a864-4c5d-a4c3-79a3d0d9dc17","SUMUK CELL","K0504","","[]","0","2025-10-31T05:39:17.000Z","fdc434ca-ffa6-4c75-8bc2-a8d0770a459d"
"daa3d0ec-8c44-4fe3-b6c1-10f0824b066b","MBAK YUYUN","K0379","","[]","0","2025-10-21T03:12:52.761Z","e3aebdc8-6bd4-457b-94a1-d36453a6568d"
"be1da9ae-ecea-480f-860c-e9fd14864698","TOKO RENASYA","K1512","","[]","0","2025-10-02T08:05:14.875Z","99e2259e-4add-43a7-99da-f15fe58b8fe4"
"770d85f4-d20a-459c-bb58-08cf546bbee1","NICE SWALAYAN","K2144","","[]","0","2025-11-13T09:16:56.663Z","3ad4f870-0818-4273-9a2a-640143e26047"
"918a9f86-c4d7-44b1-b1b6-aad9ecec0c8f","TOKO SHERLY","K1500","","[]","0","2025-10-08T05:44:13.075Z","e2588afc-da4f-49ce-bc07-38afdef3ccbe"
"0baeec56-611a-42f1-a19c-64e3e6ca6120","ENDANG RISTIYOWATI","K0532","","[]","0","2025-11-14T04:54:55.654Z","68dbf39c-962d-4181-a62e-450bc50a68c4"
"de837004-998f-4d9d-9ceb-27c3277a4493","ALHUSNA MART","K0439","","[]","0","2025-10-02T08:39:34.220Z","3828fbad-d931-44aa-8e2e-3c9707ec94db"
"4e30038c-8dae-43aa-99c9-ed8e324c2bdf","NUR YONO","K1982","","[]","0","2025-11-01T03:52:52.000Z","1b3ea123-58c3-407c-bba7-05c28f319484"
"1290b930-bb27-4579-891f-72d6e0370ba7","SD 3 BUARAN","K1788","","[]","0","2025-10-21T03:15:40.842Z","858a1456-103e-47e1-a7f4-01bda1cacf52"
"6741fcee-d6a3-41c0-bd06-d23b4b20f021","BU ISTIANAH ( MTS URWATIL WATSQO )","K2066","","[]","0","2025-11-10T04:09:46.549Z","8c24e190-164a-4bfc-83f3-449ecca3efc8"
"daa3d0ec-8c44-4fe3-b6c1-10f0824b066b","MBAK YUYUN","K0379","","[]","0","2025-11-04T03:10:58.273Z","b0cd8769-bb20-4643-a3be-9fe14b58181d"
"a0c38ab0-a753-4852-9152-8919a3a021e1","TOKO WAHYUDI","K1586","","[]","0","2025-10-22T05:55:01.261Z","ae374a6e-c846-4b37-9890-9b540edd5513"
"504129c5-e443-44cc-97f8-0b61a7f78b57","SUDARTO","K0676","","[]","0","2025-10-10T03:34:22.553Z","2148682e-bc1d-45bc-b8de-e6ebc282f1e7"
"9f00f5a3-94ad-4211-9400-1c969d5e1641","MADURA BUNDA","K2077","","[]","0","2025-11-06T08:25:57.998Z","b04b9358-c101-4c0f-8f2a-5817385ca792"
"f5170c6c-2fd8-4a00-90af-f85325da4666","WARUNG MADURA AL-AMIN 2","K1649","","[]","0","2025-10-10T03:11:29.206Z","10330cd5-dc73-4295-a235-44e777368f18"
"68de525c-bf03-4eef-a8cb-0e3c3f7e1d03","MBAK MUNA","K1970","","[]","0","2025-10-10T09:47:27.678Z","1db051e6-ce3a-4d15-a95f-1de9e1976da6"
"f33633d7-0b22-480a-9ab0-e1dac6fcedff","MARYATI","K0378","","[]","0","2025-10-14T06:31:04.665Z","88f97316-58a2-4db9-ad00-b77da2b25008"
"3ff0830c-2f2f-45e4-9566-8fe33eb7c93f","SUKATI","K0467","","[]","0","2025-11-13T04:00:07.047Z","928205c8-f62e-4e10-9feb-2a03ffdc6655"
"1548317b-4e5c-48fa-b203-2c9e9f46c3bb","MBAK IMA","K0740","","[]","0","2025-10-18T05:02:22.540Z","da5527b3-92e6-4270-bd8a-02e6e50cd479"
"73b2db6a-6e48-4727-b318-67da1d4bad20","SMK ISLAM AL HIKMAH MAYONG","K1387","","[]","0","2025-10-16T02:52:10.041Z","8f8d8115-50e0-4ad2-bf6e-3d3a64d48bac"
"e9cf0e15-59df-4e0d-9bb7-864ab214b693","TOKO INDANAH","K1513","","[]","0","2025-10-08T08:18:41.014Z","56bd0e41-8edc-49a8-9436-b34ff5326cff"
"335a016c-6258-4728-bb65-922bf554aeb8","KANTIN SMA AL HIKMAH","K0525","","[]","0","2025-10-09T04:55:31.212Z","f2c2fd92-c49c-4060-856b-6244e7b3c7f2"
"1a6e6895-9913-4174-bcbb-ede34d8049ac","SUPARNO","K0390","","[]","0","2025-11-12T08:44:16.337Z","2747d26d-51b6-417d-874c-e8f5a91f78eb"
"4eb562d0-9280-4e70-92ea-ccff2b2e6623","ULFA KHASANAH","K1127","","[]","0","2025-10-07T06:40:51.633Z","d89a25b2-0db6-44d5-86d0-59122446ab80"
"fbf2ac52-7ceb-47fd-87bc-fc43e6f88520","WIWIK","K0424","","[]","0","2025-10-07T05:36:55.038Z","d4b41801-b01b-4023-a326-e1d314a16f68"
"c90bb0bc-7d18-4531-bf39-eee5fb08812e","SD IT AL ANWAR","K1658","","[]","0","2025-10-04T05:24:53.797Z","b759713c-580d-4e6f-bd68-8fa0c86a27fa"
"67abfcd5-d88a-4513-bd29-597353ebb2a9","NIKMAT SEMBAKO","K1543","","[]","0","2025-10-17T03:02:29.624Z","89ee2d51-cec6-4836-a7ce-292a30267dd9"
"86c5013d-3fb3-4968-9d6f-a4c6ac3e34bd","ELLA 2 KANTIN MTS BALEKAMBANG","K0391","","[]","0","2025-10-07T03:20:08.800Z","12ca0fc2-8a73-47f7-ad09-26bde19d23f5"
"3ff0830c-2f2f-45e4-9566-8fe33eb7c93f","SUKATI","K0467","","[]","0","2025-10-09T07:00:49.659Z","a7e802d6-6d68-43ff-9425-7910b899ef20"
"01211cd5-a06d-4d0a-bb4d-bf5a2ce00879","APOTEK PANCUR","K0352","","[]","0","2025-10-20T08:22:52.500Z","5f04c743-74db-4764-8020-4180a6333052"
"ebcd6f2e-25bc-4095-a33b-e8c70767797f","ALMA MART","K2002","","[]","0","2025-10-31T07:57:26.823Z","bdb16222-01b3-4119-8744-901a89dd96ab"
"ec532f91-e89a-459a-b3f2-846d12fd1304","TRANSIT MART 2","K1534","","[]","0","2025-11-14T10:40:58.713Z","878c532a-2139-4aad-a0c5-b987a402c5f2"
"1a59b3df-9602-48d3-9e38-45a07274d3b5","WINARNO","K2021","","[]","0","2025-10-03T04:41:11.719Z","b95cb95f-3727-4ffd-a582-8e6168fcf0b5"
"ebcd6f2e-25bc-4095-a33b-e8c70767797f","ALMA MART","K2002","","[]","0","2025-10-03T01:39:52.908Z","508c313f-c20f-4dcc-be77-82cc60eca7c8"
"05577f8c-d28b-489a-97c9-ed86f7ff8658","SD IT AL HUSNA 2","K1759","","[]","0","2025-10-04T06:08:47.766Z","fe1dd627-2054-4616-b223-65df9c177b5c"
"770d85f4-d20a-459c-bb58-08cf546bbee1","NICE SWALAYAN","K2144","","[]","0","2025-11-06T08:27:40.901Z","3c41d54a-b759-47ce-b3fa-7f6ea0b6676a"
"13a5625d-3a12-4e79-b282-2bd369ec295f","RESTU","K0743","","[]","0","2025-11-11T06:14:23.204Z","347fd337-1e8b-4bbd-a555-92538dc11543"
"c90bb0bc-7d18-4531-bf39-eee5fb08812e","SD IT AL ANWAR","K1658","","[]","0","2025-10-31T07:38:54.775Z","6f4d2b38-fd64-42f1-b56a-35efd9f05c5f"
"7d53152c-ff29-48d5-a39d-b6bcd58a85a3","KOPERASI AL-ALAWY","K1555","","[]","0","2025-11-01T04:08:27.265Z","03f26d62-d49c-497d-abc9-90f4e71a614b"
"e68oBFx4bdKYumNQmbTj","LAKUMI SWALAYAN","K1357","","[]","0","2025-09-30T15:51:17.197Z","19999b04-409a-4ede-b9b8-5c7b605b312a"
"b157661d-c0af-4658-8937-8d24c55731f9","MUSTAQIM","K1352","","[]","0","2025-10-13T07:03:27.747Z","8a51b418-d3a1-4226-afa3-d8739369a9b4"
"cd8de274-8720-4a01-9e17-073fec4f4af1","TOKO KOBER","K1571","","[]","0","2025-10-17T06:56:20.450Z","66ee9b10-0d4e-4ae3-be37-5e414cff0918"
"b70a9f43-e20b-45ec-9a0d-d79820b128ba","APOTEK PUTRA PRIMA","K1993","","[]","0","2025-10-31T03:18:56.308Z","1f072ae7-db57-44d6-b21f-6145010b0ca0"
"46b5f2b0-e099-4d90-a699-93e51cd88145","TOKO HALIMAH","K1607","","[]","0","2025-10-13T17:00:00.000Z","9d072395-a06e-4873-9dbe-4212449153a1"
"c8674610-9d57-4ee8-adb7-2f2fa51ba073","TOKO RIZKY OS","K1502","","[]","0","2025-10-13T07:44:13.738Z","aff948a3-e7ff-409c-86ba-ee24e948d5e6"
"e9cf0e15-59df-4e0d-9bb7-864ab214b693","TOKO INDANAH","K1513","","[]","0","2025-10-01T07:26:26.772Z","fa3083b0-b191-4feb-8f92-a9ea42f60504"
"c8d3ccec-3e62-494f-a218-f69af46dfc41","PP  ALHUSNA 2","-","","[]","0","2025-11-12T05:26:08.806Z","59d36d5f-938a-4737-a9eb-6898979ab109"
"2821519d-7cc4-41e1-a814-90f13118ad5f","RIYADLUL QUR'AN","K1286","","[]","0","2025-10-25T03:27:32.043Z","a7f495c8-cb2a-42fe-9268-58c099a5b168"
"Ia1jpq30ooBs6e6ZuLq8","WR MADURA KHUMAIROH 2","K1912","","[]","0","2025-09-30T15:51:39.745Z","8e060c0f-7a51-4ac0-9b5e-5c06a66740bb"
"YsnM07B6W88r9GApCX92","TOKO LARIS MANIS","K2111","","[]","0","2025-09-30T15:46:57.160Z","d55d85c6-66ab-47df-bbb9-372027dcc8df"
"83528420-dead-43fa-9297-c45b89e82dd9","DEWI","K0502","","[]","0","2025-11-14T07:25:46.424Z","70319870-31f4-4901-9cb9-eb08c7c47177"
"b157661d-c0af-4658-8937-8d24c55731f9","MUSTAQIM","K1352","","[]","0","2025-11-03T08:01:43.993Z","bd119122-1866-4d11-afd0-05ecea0fa430"
"a0ad1bcb-101a-4c18-b744-f91787682c64","MJ CELL","K0441","","[]","0","2025-10-17T06:56:37.272Z","269ecbc7-8846-43b9-aab1-230521970a9c"
"2f89e7d9-b919-45f0-8588-649cd350193a","SD 1 BUARAN MAYONG","K1751","","[]","0","2025-10-21T03:55:18.843Z","2a21c78e-8b95-4214-864b-a5626c7cd7b8"
"b157661d-c0af-4658-8937-8d24c55731f9","MUSTAQIM","K1352","","[]","0","2025-10-20T06:59:17.018Z","4d004e08-420c-43a4-9595-748d5dd3115b"
"31ec4308-1feb-466a-b016-366534a6c708","SIDO MULYO","K1484","","[]","0","2025-10-14T05:41:16.169Z","e5c821b9-602f-498b-b827-e4e14e815f0f"
"b94cfa77-8407-4578-af10-6b2772ecf219","TOKO MBAK RINI","K1725","","[]","0","2025-11-05T09:56:36.610Z","ea8367e6-1edf-41ed-b399-912b487f1ea9"
"1a6e6895-9913-4174-bcbb-ede34d8049ac","SUPARNO","K0390","","[]","0","2025-11-05T04:45:37.731Z","45b6f03b-a2dd-4346-ac54-6f59382cb34f"
"4d252543-4e0e-4fc1-b82d-6a6fc91f9228","TIGA SAUDARA 2","K1149","","[]","0","2025-11-03T09:35:50.000Z","13624804-2dcc-4413-af32-9b282c12c97c"
"cd8de274-8720-4a01-9e17-073fec4f4af1","TOKO KOBER","K1571","","[]","0","2025-11-14T06:48:36.989Z","b72dd789-98a7-440e-9296-6a7b99a3091a"
"46b5f2b0-e099-4d90-a699-93e51cd88145","TOKO HALIMAH","K1607","","[]","0","2025-11-04T02:45:32.088Z","a8302f93-39a9-4e76-b096-dcd8ae1deef4"
"076fe413-eca6-4801-8b3a-5e60a504e06e","STICOM","K0511","","[]","0","2025-10-17T04:50:30.273Z","eda90dab-95e3-436a-9f74-07f734e7d0f4"
"33f35fd3-2788-46bd-b710-1f18130ac326","WAKHIDATUS SHOLEKHAH","K1923","","[]","0","2025-11-08T03:31:36.688Z","20955abf-e4d4-41e4-85e5-bf0382f5494a"
"1b2f93c6-34d6-48b6-bea9-0ad62463a02b","TOKO SAUDARA","K1916","","[]","0","2025-10-22T03:03:49.343Z","c880a191-f073-43d4-9eea-1d10ce422edb"
"cd8de274-8720-4a01-9e17-073fec4f4af1","TOKO KOBER","K1571","","[]","0","2025-10-31T06:03:36.236Z","f7e68979-11bc-44f0-b432-be6f5af0aa83"
"ebcd6f2e-25bc-4095-a33b-e8c70767797f","ALMA MART","K2002","","[]","0","2025-11-14T08:28:21.076Z","e2ef4cb3-7f79-422c-94c3-8fed8e7b9919"
"IH0j3u6zMVijvCybTcaD","TOKO UD TANI H.PARDI & PATMI","K1454","","[]","0","2025-09-30T15:50:23.003Z","e686deb9-1ef6-4396-8a6c-e4eb7d8e75b9"
"82f35ef8-d7a6-49d1-8bb1-605548a65ffa","KANTOR PWI","K1877","","[]","0","2025-11-13T08:00:32.430Z","1e602c70-dc28-402f-9e1e-3e1f80d79aad"
"1290b930-bb27-4579-891f-72d6e0370ba7","SD 3 BUARAN","K1788","","[]","0","2025-10-07T05:06:27.080Z","72a95478-2fe6-4208-93ff-07e474404170"
"4c4cb1e2-7e9f-45b2-97e8-4f1de565ca6e","SD IT AL HUSNA PELEMKEREP","K1656","","[]","0","2025-10-17T07:42:20.631Z","4ca462fd-ee16-403a-95de-db9f1820185c"
"ee44c035-af97-46c2-93cd-934252ce01a9","MUNAWAROH","K1121","","[]","0","2025-11-03T07:46:01.959Z","7f6d19d4-a5de-4340-9630-3a032be1df70"
"c8f0dfb8-569f-44bd-b436-2003dbf7caf0","TOKO SOCHIBATUL MUNAWAROH","K1528","","[]","0","2025-10-22T07:36:34.228Z","fd21a553-b101-416d-9d09-70d6150b6217"
"3ff0830c-2f2f-45e4-9566-8fe33eb7c93f","SUKATI","K0467","","[]","0","2025-10-30T04:32:37.402Z","b10e9b7c-a815-4faf-a087-71837973cf75"
"9a4ca1b7-f882-40dc-b5e2-b6a2a3aa1bb5","TOKO ANUGERAH","K1969","","[]","0","2025-10-13T03:20:16.021Z","65405325-4470-429b-982f-158cff227999"
"a8462560-2ad3-4544-9956-5090773229c4","MBAK IS","K0485","","[]","0","2025-10-25T03:52:02.280Z","511e9180-aaa2-4288-8542-debc5f843411"
"9d04d72a-ccba-4163-82f0-2c5f6a45db2a","SISWANTO","K0526","","[]","0","2025-10-09T05:44:32.937Z","df4b1dd9-fd76-4d00-b3dd-660249cfd287"
"96c0664e-91cd-44e1-aff7-d506a4ab7270","RATU WALI","K1498","","[]","0","2025-10-18T05:46:37.755Z","c6466a29-444a-40f9-8854-10a9292840b2"
"73aa11aa-beeb-48e7-ada7-b4570c1c748f","TOKO ANDI","K1179","","[]","0","2025-10-29T09:19:22.042Z","61eee440-50a4-4cdf-98c9-481d678f1997"
"1b9e05dd-0402-412e-9ba4-1e321199725e","NUR AFIDAH","K1278","","[]","0","2025-10-14T04:46:34.512Z","3380946a-874a-442f-a6de-f9f2edf53300"
"c3d5fd74-b777-410a-8463-833c6a80fa6f","Toko Koss Mart","K2014","","[]","0","2025-11-06T04:20:11.000Z","aa4016d7-9822-40a6-a1ab-8d90e44072b7"
"f5170c6c-2fd8-4a00-90af-f85325da4666","WARUNG MADURA AL-AMIN 2","K1649","","[]","0","2025-11-06T05:15:52.912Z","f1fac560-e948-4460-8ca2-04208ed17c33"
"a8462560-2ad3-4544-9956-5090773229c4","MBAK IS","K0485","","[]","0","2025-10-04T05:27:47.901Z","485aaf81-172d-4f61-8a97-af728893271e"
"3eef16cb-1655-4ead-8181-4014c71bd002","BERKAH SAFAR","K1482","","[]","0","2025-11-05T05:02:44.403Z","4624a0cf-8619-4ded-89e1-4e3456296d6f"
"96c0664e-91cd-44e1-aff7-d506a4ab7270","RATU WALI","K1498","","[]","0","2025-11-15T05:23:16.036Z","f3b009d2-796a-430f-9701-0a3f025eeba3"
"05577f8c-d28b-489a-97c9-ed86f7ff8658","SD IT AL HUSNA 2","K1759","","[]","0","2025-10-31T03:18:49.271Z","c22bf1e0-63ba-43ab-98f4-1548e860fa92"
"da15329b-3086-48c9-a819-e7164ef6fbc4","TOKO IBU AMIN","K0503","","[]","0","2025-11-01T03:02:30.276Z","4aa9d322-28f1-4588-b96a-f9e6dc9ee399"
"9d04d72a-ccba-4163-82f0-2c5f6a45db2a","SISWANTO","K0526","","[]","0","2025-11-06T06:57:14.031Z","ca3209f3-65a6-4c41-b045-4806707d0422"
"e2c738ed-833e-467a-be25-e3a8ce9caf9c","YANI 2","K1018","","[]","0","2025-10-23T08:36:11.692Z","4a8b0e08-272e-4651-b522-397b68c786a6"
"6741fcee-d6a3-41c0-bd06-d23b4b20f021","BU ISTIANAH ( MTS URWATIL WATSQO )","K2066","","[]","0","2025-10-15T08:35:39.202Z","1f8ed2bb-84da-4165-83d2-6668f0b13c2d"
"46b5f2b0-e099-4d90-a699-93e51cd88145","TOKO HALIMAH","K1607","","[]","0","2025-10-28T03:09:07.479Z","f4ba4772-5f03-4a4e-b154-34c8b353629b"
"3ff0830c-2f2f-45e4-9566-8fe33eb7c93f","SUKATI","K0467","","[]","0","2025-10-23T04:45:11.444Z","07805866-da9e-4691-a0ef-45f439a3c179"
"db68a5d9-ae22-4a70-ab8b-255b514f95ec","MUNTATIAH","K1366","","[]","0","2025-11-05T03:50:46.000Z","739bba6f-68fb-42b5-a191-bf21563f0141"
"54fdba50-504d-42aa-b316-bc482ba22865","MUHKAFI","K1832","","[]","0","2025-11-03T07:48:27.087Z","961b034f-569f-4c78-9c28-f7d1586713c4"
"f95a2adb-5a3d-4346-8f44-498ca87734bb","MI ASSALAM SINGOROJO","K1928","","[]","0","2025-10-15T03:58:34.022Z","556060d1-dc10-4f5b-a2a3-84474f9c816e"
"85cf10d5-57cb-40af-ab28-5793be5a97f1","PONPES MAYONG/ AL ISHOM","K0991","","[]","0","2025-11-15T05:47:44.351Z","83c74688-9aea-4887-a2d3-4f128148d5fc"
"e2c738ed-833e-467a-be25-e3a8ce9caf9c","YANI 2","K1018","","[]","0","2025-11-06T06:00:52.667Z","173ed81c-13da-413c-bf9f-222d1a0ec84c"
"f0f0411f-a288-420e-8d87-76709f11a8b6","LINAWATI SMU MUH 2","K1197","","[]","0","2025-10-09T04:16:00.820Z","5fd2016c-f4c6-474e-92c8-712f8c9ee16c"
"42f49f2f-b3cb-4c8a-bc9d-3dd78a6e9c91","LAKSITA SWALAYAN","K2101","","[]","0","2025-10-30T07:15:19.670Z","8f1a33f7-a047-4ee8-81ab-2e39b6f23e21"
"a741d86a-e4b0-413b-96bf-e9be7940219e","SDN 1 BAKALAN ( TOKO SEMBAKO AHLIS )","K2015","","[]","0","2025-10-10T03:07:58.916Z","3b27c1a1-0ceb-497b-a707-847146659614"
"4e30038c-8dae-43aa-99c9-ed8e324c2bdf","NUR YONO","K1982","","[]","0","2025-10-04T04:42:48.424Z","f866cdc9-4379-45f7-b578-f08252dedfd1"
"01211cd5-a06d-4d0a-bb4d-bf5a2ce00879","APOTEK PANCUR","K0352","","[]","0","2025-10-27T09:38:21.000Z","f4e3727a-014f-4ff5-a3f4-ed0ebc8d4ea7"
"9fbb5943-573d-446d-8745-49cd2cb235fc","AISYA","K1128","","[]","0","2025-10-20T06:28:03.575Z","d614af46-8a02-44ac-83dc-291d29f219f3"
"e2c738ed-833e-467a-be25-e3a8ce9caf9c","YANI 2","K1018","","[]","0","2025-11-13T05:57:27.005Z","fab065f4-4e52-484d-943e-41b8074c9bc4"
"6741fcee-d6a3-41c0-bd06-d23b4b20f021","BU ISTIANAH ( MTS URWATIL WATSQO )","K2066","","[]","0","2025-10-08T09:26:32.980Z","96949e1c-1298-4e0b-b2fd-8998e576dc5c"
"a0c38ab0-a753-4852-9152-8919a3a021e1","TOKO WAHYUDI","K1586","","[]","0","2025-10-01T05:36:09.319Z","de438584-0fa0-45ed-904b-17333b2af181"
"67abfcd5-d88a-4513-bd29-597353ebb2a9","NIKMAT SEMBAKO","K1543","","[]","0","2025-11-14T07:54:41.165Z","7e457d75-ae27-4a12-a2f3-a0dd5cb8dfac"
"2f89e7d9-b919-45f0-8588-649cd350193a","SD 1 BUARAN MAYONG","K1751","","[]","0","2025-10-14T04:01:56.563Z","774e57a6-454b-4fef-a972-6263947a9f1a"
"076fe413-eca6-4801-8b3a-5e60a504e06e","STICOM","K0511","","[]","0","2025-11-14T04:54:47.054Z","8abf332d-91eb-4bc8-a053-8c05a8878c8c"
"1f920f03-02ba-4802-aa4b-cb4a97979cac","RONDHI ARDIYANTO","K0936","","[]","0","2025-10-13T03:43:24.854Z","c7f8cd01-4ecb-41c7-9d94-e1d7ad044476"
"b48bca8c-78a2-4ec1-9b16-84849a0b9b5a","REZEKI LANCAR","K1540","","[]","0","2025-10-13T05:34:38.469Z","eef1d6ef-fc6c-441e-bdc1-e2b3c21a8a9f"
"hrGSsYjRN0DC2i3QPnxO","TOKO RAHMAT","K1816","","[]","0","2025-10-25T06:02:41.106Z","5fd99498-2851-477e-a7a0-3736cef4e802"
"076fe413-eca6-4801-8b3a-5e60a504e06e","STICOM","K0511","","[]","0","2025-10-10T04:33:29.510Z","594a73b9-45a8-49bb-a959-f144823e8b25"
"a0c38ab0-a753-4852-9152-8919a3a021e1","TOKO WAHYUDI","K1586","","[]","0","2025-10-08T05:35:18.210Z","cf978dfe-43fb-4d71-a7e6-95902ac51b39"
"a7BPFmbAjENxbAhs7RiN","NIHAYAH","K1422","","[]","0","2025-09-30T15:47:41.522Z","76786f70-d31a-4d93-beda-3b8d6dfd1248"
"c8674610-9d57-4ee8-adb7-2f2fa51ba073","TOKO RIZKY OS","K1502","","[]","0","2025-10-27T08:51:49.000Z","b6c32df6-0519-48bd-a957-6330f5b6cee9"
"0630e12f-8ff5-437e-b65f-fafce6d99e07","PUTRA / ADE ZONE","K1480","","[]","0","2025-10-03T05:09:49.216Z","f760ba56-c7f8-4ded-80e1-909e7d53e6bf"
"1a25730f-b5e5-401b-aeb9-2b1e07548778","TOKO M ANIQ ALFARUQI","K1533","","[]","0","2025-11-03T07:42:20.145Z","2c0e9af4-4ba3-4ca4-ba5a-84faf68072ee"
"a93d19f4-87ce-4bab-bf80-90060d03f4fb","TOKO BINTANI MART","K1409","","[]","0","2025-11-05T09:15:35.991Z","1a6fa020-8416-4787-bf4a-50333d1371e8"
"82f35ef8-d7a6-49d1-8bb1-605548a65ffa","KANTOR PWI","K1877","","[]","0","2025-10-02T07:25:02.432Z","1c91ea1a-9216-470a-b682-7fada6dbbc2c"
"fbf2ac52-7ceb-47fd-87bc-fc43e6f88520","WIWIK","K0424","","[]","0","2025-10-21T05:52:08.325Z","8b474bc2-50e3-4534-b79f-67f66023d8ba"
"0630e12f-8ff5-437e-b65f-fafce6d99e07","PUTRA / ADE ZONE","K1480","","[]","0","2025-10-09T06:11:24.935Z","cc85dd9b-03cb-4bcc-87c6-2d2076518be3"
"73b2db6a-6e48-4727-b318-67da1d4bad20","SMK ISLAM AL HIKMAH MAYONG","K1387","","[]","0","2025-10-30T03:24:28.764Z","93a8780e-3596-4559-8fb6-143b34ef8188"
"ffa0c4ae-3554-41eb-ad5b-29823634e4a5","NOR AMIN MAHMUD","K1987","","[]","0","2025-11-11T05:12:25.033Z","ed4c5f13-206a-4bdd-aa0c-f196b2378f08"
"ec532f91-e89a-459a-b3f2-846d12fd1304","TRANSIT MART 2","K1534","","[]","0","2025-10-03T05:12:18.513Z","b67b2d76-8cb9-4c4e-b8e2-f5097e459e96"
"54fdba50-504d-42aa-b316-bc482ba22865","MUHKAFI","K1832","","[]","0","2025-10-20T07:23:49.273Z","707c4edf-d517-45fb-9a27-cb6c9fcf96d4"
"a0c38ab0-a753-4852-9152-8919a3a021e1","TOKO WAHYUDI","K1586","","[]","0","2025-11-05T06:52:13.938Z","4e03acf0-1dcb-425d-89b1-4a770d9c5d6a"
"e0178599-c98c-4f4a-8457-d64738b49665","TATA MANDIRI","K0366","","[]","0","2025-11-05T04:31:56.921Z","0f680c8c-3eb5-4830-8129-8f3b5e92d5b2"
"1a25730f-b5e5-401b-aeb9-2b1e07548778","TOKO M ANIQ ALFARUQI","K1533","","[]","0","2025-10-20T06:11:16.843Z","41b1b656-a4e5-424f-854c-93c53e46490e"
"a93d19f4-87ce-4bab-bf80-90060d03f4fb","TOKO BINTANI MART","K1409","","[]","0","2025-10-08T10:22:59.748Z","cc4bab57-cf15-4436-9eec-fe7c1f291716"
"hrGSsYjRN0DC2i3QPnxO","TOKO RAHMAT","K1816","","[]","0","2025-10-10T08:00:56.659Z","b8d1b6af-9e7e-4ef4-bf24-09b3a0019063"
"085bbef4-729a-4a83-b1e3-fd32ded0b809","TOKO ALI","K1154","","[]","0","2025-11-05T06:52:20.336Z","c9adca1f-8001-41de-afe7-9a40d3b67a02"
"54fdba50-504d-42aa-b316-bc482ba22865","MUHKAFI","K1832","","[]","0","2025-10-13T07:48:12.887Z","c6f0d1f3-c0f5-452b-95e4-b0da70dd3d47"
"f72200de-8f83-4445-a6df-6e809b284ccb","YANI","K0462","","[]","0","2025-10-02T04:05:34.573Z","18c6c51f-1f5b-440c-8030-80e03f2877e7"
"05a42fbe-9be5-4835-9d1e-865ddad37323","KHUDIN","K0661","","[]","0","2025-10-08T09:51:53.808Z","9b324112-ba6e-4d53-9777-23ba14e57cb7"
"1a6e6895-9913-4174-bcbb-ede34d8049ac","SUPARNO","K0390","","[]","0","2025-10-01T08:35:53.041Z","b09eea64-0c5f-4d75-b31b-c97046160884"
"9bcbb48e-0211-483a-b795-18515c9f35e3","MADUN","K0373","","[]","0","2025-11-04T07:03:05.301Z","b593a06d-343a-4e6e-9f46-7d128cd20ade"
"ed99e387-6f40-41f7-9f96-0fedaa963ad2","ENDANG SRI WAHYUNI","K1367","","[]","0","2025-10-08T05:20:33.140Z","9319d724-8122-47b8-8e42-d733dca14348"
"c3d5fd74-b777-410a-8463-833c6a80fa6f","TOKO KOSS MART","K2014","","[]","0","2025-10-02T03:30:26.481Z","03a6b63d-5253-4fac-8369-d22d5e720442"
"b94cfa77-8407-4578-af10-6b2772ecf219","TOKO MBAK RINI","K1725","","[]","0","2025-10-15T07:15:57.265Z","b08aa2f8-90d7-4bbc-888c-18b86284f6d3"
"ed99e387-6f40-41f7-9f96-0fedaa963ad2","ENDANG SRI WAHYUNI","K1367","","[]","0","2025-10-01T05:11:45.912Z","8d9fe358-f7cf-499e-94e7-9c0638f60515"
"05a42fbe-9be5-4835-9d1e-865ddad37323","KHUDIN","K0661","","[]","0","2025-11-04T09:28:32.145Z","3dcdf712-b92a-4df4-8345-75c776311e00"
"b48bca8c-78a2-4ec1-9b16-84849a0b9b5a","REZEKI LANCAR","K1540","","[]","0","2025-10-27T05:39:26.069Z","82c3d5ae-1443-4245-8451-25ddfa4a9e85"
"6eec6ca7-9c50-4869-aee5-594f3bfe1588","ALIYA CELL","K0721","","[]","0","2025-10-18T07:12:55.388Z","8a3e6fa8-a791-4fcb-95ad-4fd8882cebfe"
"a93d19f4-87ce-4bab-bf80-90060d03f4fb","TOKO BINTANI MART","K1409","","[]","0","2025-11-12T04:40:13.039Z","873ed121-3a09-48e3-9b1f-14ce3c6e9e5b"
"1f920f03-02ba-4802-aa4b-cb4a97979cac","RONDHI ARDIYANTO","K0936","","[]","0","2025-10-06T05:47:12.754Z","c392d398-c067-4cce-9b38-46b1527b07a1"
"6eec6ca7-9c50-4869-aee5-594f3bfe1588","ALIYA CELL","K0721","","[]","0","2025-11-01T06:01:16.111Z","e7e369be-3ae2-45bc-bf25-087a07e5200b"