id,catatan,createdAt,items,tokoNama,tokoId,kodeToko,total
"0BMBr1Q5H1cJ4jn405ck","","2025-11-10T06:44:59.000Z","[]","TOKO RIZKY OS","cBXhRkwzErSSQ2yHFz8H","K1502","0"
"0FHnVc29uJHiCHCUE2CX","","2025-11-11T04:10:23.083Z","[]","ILMA JAYA","1pS2Vw8a9fu0UurNB4v7","K1118","0"
"0JcKbRgMfrm2DAVvGcnE","","2025-10-03T06:51:51.006Z","[]","TOKO KOBER","42f4rMSZhOHXH6oYOXMn","K1571","0"
"0JwowohwVUu89mq1L5Ud","","2025-11-12T07:11:37.932Z","[]","KUSRIYAH","ICWLSSwzVvanVCAZdUih","K0742","0"
"0KxNUIlwgexG5JrdhnCq","","2025-10-14T06:57:34.833Z","[]","MASRUKIN","xXcBnRjwrKPQNBumnzm6","K1334","0"
"0c2LkDTd18ssgG5vUjUT","","2025-10-06T06:24:01.198Z","[]","AL HUSNA 5 PANCUR","ofWTyzpsse8zoCymsmtO","K1919","0"
"0eLTGBSwigBYFLgcyI4s","","2025-11-10T05:55:21.943Z","[]","MUHKAFI","yUpqWUQuZmgdXeW3bt5N","K1832","0"
"0iKFUSXBHKCjEX24lphR","","2025-10-25T06:52:58.891Z","[]","KANTIN PKU MUHAMMADYAH MAYONG","hX7OpXJoabbPtqfEEJTI","K0458","0"
"10Ofpjir0rNCZVkk98uw","","2025-10-04T05:25:44.583Z","[]","AMIN","AkprBUTUqD1gZOpeqLQy","K0503","0"
"144Y6pGFCoyX4MIb5ILR","","2025-10-01T06:32:26.480Z","[]","BU ISTIANAH (MTS URWATIL WATSQO)","WbtoNXx8lwUgS8s1ojLR","K2066","0"
"14KzUZEUnM4dlBmERSHL","","2025-11-04T05:32:39.356Z","[]","MASRUKIN","xXcBnRjwrKPQNBumnzm6","K1334","0"
"1Iv0Xt8Y47Zj15h8pShW","","2025-10-08T06:57:09.488Z","[]","SUPARNO","usLxLxZs3KRwiDECcgTd","K0390","0"
"1LU1loUc99zEPYthBagW","","2025-10-18T06:38:30.240Z","[]","SIDO MULYO","qBgHRkFD88KqnN8yy52I","K1484","0"
"1LiHHiBcyXXcMARiRny2","","2025-11-03T07:43:06.318Z","[]","AISYA","4m6k3Lx6PkBmmkEOUFc1","K1128","0"
"1NheynIiBJNukvJJ2JT6","","2025-10-16T05:32:23.073Z","[]","SUKATI","7xXpzkyryOEVARIJWA8V","K0467","0"
"1OMGTRamZfb7CNjRCbMy","","2025-10-29T03:50:21.451Z","[]","TOKO BINTANI MART","Hfn7DH6eAWCVrAkmczwl","K1409","0"
"1QjBLVU6FiHGEPqTkt9F","","2025-11-04T05:36:00.835Z","[]","SIDO MULYO","qBgHRkFD88KqnN8yy52I","K1484","0"
"1S1Lh1SAc2uGLUkLp6Su","","2025-10-15T10:22:16.685Z","[]","TOKO ALI","pfBZeBBflEj9cMD0uZa2","K1154","0"
"1Ug4J2EheD5D3GoYVv6e","","2025-11-10T11:00:41.328Z","[]","WINARNO","9uWRqV8KbynkKmi3nulk","K2021","0"
"1ZzmHIyq3LsgYxUwBTxu","","2025-11-10T07:31:49.276Z","[]","MUNAWAROH","eLh6QEH4U1yPXyxJUerC","K1121","0"
"1d55wq5RhJlEzRnsZWDv","","2025-10-10T08:23:40.331Z","[]","ALHUSNA MART","i3vRFtdn75Z0P1RiyJus","K0439","0"
"1dgcvPOSmifszHNotFgx","","2025-10-14T06:04:11.424Z","[]","IRWAN CELL","AiIHhFRAFqyGOx3AgdFI","K1867","0"
"1e7i4nr91u194WP4GGRE","","2025-09-30T15:54:08.782Z","[]","MARFUAH","A2C98b49QgAzpp25r8IG","K1000","0"
"1jWTNQVQmOC4IXml9ZnH","","2025-10-08T06:41:51.456Z","[]","TATA MANDIRI","BYxFMWDMPNQaGNvbV341","K0366","0"
"1oOrcC5HueSjRRXoJNgF","","2025-11-06T05:29:19.278Z","[]","SUDARTO","W5T0mkGuUhrS8Xv4nxtZ","K0676","0"
"1qZgNzy9ZcHVAjie3HLN","","2025-10-06T06:28:17.999Z","[]","AISYA","4m6k3Lx6PkBmmkEOUFc1","K1128","0"
"2AsAijSRuGksvQw904Xy","","2025-11-08T06:54:17.232Z","[]","TOKO IBU AMIN","AkprBUTUqD1gZOpeqLQy","K0503","0"
"2CN44ofwulVik6CDLyFE","","2025-11-08T04:46:05.131Z","[]","NUR YONO","rwANC5lfSRpAKV2HzJBj","K1982","0"
"2Cyp7qxqLSKq044VpIG6","","2025-10-30T04:14:03.839Z","[]","SISWANTO","sSufgeU8YIyZrAOZbEO6","K0526","0"
"2K7Elq9oSkvZXe0LFdqC","","2025-11-10T08:53:31.304Z","[]","APOTEK PANCUR","P3S3LmNnq4sCQ7YUieWO","K0352","0"
"2R7FGAvvqm09m3xvnnOU","","2025-11-03T04:14:56.722Z","[]","SD 3 BUNGU","nhuEhSvTkbCX7F1rYyfg","K1787","0"
"2Up3cKPzVoHd2aKdoGSU","","2025-10-10T07:48:20.167Z","[]","SD IT AL ANWAR","aKeHRY72jQ8R7GmJIMNH","K1658","0"
"2a6wqnYIrmLRLUDkzVY5","","2025-11-13T06:34:55.879Z","[]","TOKO LISA","d2fNqoVzXHxTmpY3E8v6","K1899","0"
"2pssO1mqGXCJGqyOxuuC","","2025-11-08T03:59:01.000Z","[]","MBAK IS","Sd6g46vJ9IKhkDW5DXlf","K0485","0"
"2svd4dn19kD057nVweqF","","2025-10-10T06:32:58.839Z","[]","MUSYAFAK","jVJBm18ggKRwQ9dO6sPu","K0512","0"
"2tY1YaE1xFPgOpwgmpzX","","2025-11-04T05:35:32.824Z","[]","IRWAN CELL","AiIHhFRAFqyGOx3AgdFI","K1867","0"
"2vsBmbv2yPSf6OnnIWTn","","2025-10-10T07:30:49.633Z","[]","TOKO KOBER","42f4rMSZhOHXH6oYOXMn","K1571","0"
"31JaQv1VJ7o7sRdG10vi","","2025-10-29T04:28:13.000Z","[]","NICE SWALAYAN","aR8hwBYkMccoUYlxzjC7","-","0"
"3CBVmqmWpNIG5tbEWrfu","","2025-11-04T05:36:21.437Z","[]","ULFA KHASANAH","yBsQQkZjVb4f23z50jbC","K1127","0"
"3NqC8F6D7mq66QpNSVRq","","2025-10-23T05:40:42.373Z","[]","WARUNG MADURA AL-AMIN 2","LrDGivjSfm58oJ7eILXz","K1649","0"
"3PD0IqnHEfaVLjujhqKh","","2025-10-10T03:58:05.914Z","[]","NIKMAT SEMBAKO","ZPG57TQu3HgMHFcjJS94","K1543","0"
"3R1IfEpfrRB3HHFwNKLs","","2025-10-07T03:58:08.089Z","[]","ILMA JAYA","1pS2Vw8a9fu0UurNB4v7","K1118","0"
"3ZrvjDD7TbUZNSH5G7Re","","2025-11-14T08:28:13.353Z","[]","SDN 1 BAKALAN ( TOKO SEMBAKO AHLIS )","Djb9VhTmktwIGcPkALLf","K2015","0"
"3o3UCskkXpvK1nX0TYx1","","2025-11-13T08:48:02.917Z","[]","SAMI JF MART","LjHKUWJDhaxyFOLArIdi","K1298","0"
"3yV7nRUvTMZqK7zvrCJA","","2025-09-30T15:55:36.865Z","[]","SRI REJEKI","r0Tw7NkLQD1aajraFOUW","K1209","0"
"41QLasgglJLbVav7M1i9","","2025-10-10T06:48:57.665Z","[]","M. FAIZUN","UakrWJWMX4JcwWKopZSl","K1614","0"
"463xBF8rNQf9cYRbXDMU","","2025-10-29T03:21:04.578Z","[]","TOKO SAUDARA","tdeA3VNFi7t8G3VWRUm6","K1916","0"
"4C4Rzl3VOE4aerQSAdd4","","2025-10-20T02:05:39.958Z","[]","BU ISTIANAH ( MTS URWATIL WATSQO )","WbtoNXx8lwUgS8s1ojLR","K2066","0"
"4EmFSt6Da1gYLngLBzjp","","2025-11-03T07:54:54.193Z","[]","APOTEK PANCUR","P3S3LmNnq4sCQ7YUieWO","K0352","0"
"4JEJEKoHYA7HfGy4vF9o","","2025-10-16T09:33:45.176Z","[]","MADURA BUNDA","9pGAxSxQpP97NFr46tWJ","K2077","0"
"4NElsaJJyKvG9QVVJ3me","","2025-11-08T03:06:38.146Z","[]","RIYADLUL QUR'AN","MBtynOjLtaD7KngRrvOo","K1286","0"
"4QrP6Pw4r69EFNLIQFY1","","2025-10-30T05:04:39.429Z","[]","Toko Koss Mart","lNRFpK00n4trF3j94v5p","K2014","0"
"4RI5lBITqJEVZpFmxBMg","","2025-10-27T06:34:37.000Z","[]","MUNAWAROH","eLh6QEH4U1yPXyxJUerC","K1121","0"
"4WrlQ1Bsjw6xyte7ibST","","2025-10-22T10:14:11.621Z","[]","TOKO BINTANI MART","Hfn7DH6eAWCVrAkmczwl","K1409","0"
"4aAX8PhXatNO3Bsz2Yl2","","2025-11-14T03:10:15.105Z","[]","SD IT AL HUSNA 2","dFJRnjEcCGZjVJ3vtZTF","K1759","0"
"4kwM1Lt4L1DoFsPdngrU","","2025-09-30T15:52:59.193Z","[]","SD 3 MEDINI","JIyyabcbkCcvnaispiaO","K1683","0"
"4lTCpFo1hRMC6DU8T7qV","","2025-10-09T08:44:50.653Z","[]","YANI","wa6cy9OSn1Nt8nknPGk4","K0462","0"
"4tzJzTMCDG5AemtbRBWv","","2025-10-07T05:59:06.456Z","[]","RESTU","ZpXCeOmAOnXDVw7mocUq","K0743","0"
"52A7VJsOYpUYudsFdoMW","","2025-11-11T02:38:29.123Z","[]","MBAK YUYUN","xp0ZRBc7iUKQ0VDFMW5Y","K0379","0"
"57m5djLLsvuiH10CqZiR","","2025-10-18T03:39:34.760Z","[]","RIYADLUL QUR'AN","MBtynOjLtaD7KngRrvOo","K1286","0"
"58VmlsGqSGOSmxoxnWCk","","2025-10-13T05:07:26.455Z","[]","SD 3 BUNGU","nhuEhSvTkbCX7F1rYyfg","K1787","0"
"5d23KqEh0O6wAymGR29U","Semqngka 74
Nanas 4
Jagung 33","2025-10-04T02:31:47.503Z","[]","MI SYUMUSUL HUDA","GMtCP1QmCDJ6WK1Fzvee","K1819","0"
"5lVOfYSECMp4djN3i007","","2025-11-06T03:07:18.000Z","[]","SMK ISLAM AL HIKMAH MAYONG","8k5mHDdqhzvAFdnkqWei","K1387","0"
"628vMGKwTXMvs6KXuy1o","","2025-10-01T06:06:25.122Z","[]","TOKO VANIA","OoHRaxncqsL1ElG0jLeK","K1868","0"
"6BR94mSJwQBZiMQZbBmE","","2025-10-14T04:00:19.505Z","[]","SD 3 BUARAN","ebebnNTVsoHmjsVzpaxp","K1788","0"
"6CqJm1E0Kgl5ej596x4j","","2025-11-07T05:04:45.950Z","[]","ENDANG RISTIYOWATI","f2Z73egCvMj4PXs56DKE","K0532","0"
"6NLjuFfqpDFvxi5MWQpM","","2025-10-14T04:01:18.409Z","[]","ELLA 2 KANTIN MTS BALEKAMBANG","j5OQBnhs4A8lXEY9aNI4","K0391","0"
"6O2xkYaeBXHW15ASYu7V","","2025-10-25T05:21:20.396Z","[]","RATU WALI","7l4t8ictEySaPyXnKMDa","K1498","0"
"6X8mOY7wDJa6NGj9Fl32","","2025-10-04T06:21:14.106Z","[]","ABYAN CAKE","YPpBOMPT2aukjCk1wvxw","K1613","0"
"6XIgODBmB3rDefbAkF7b","","2025-09-30T15:46:36.313Z","[]","AZKA JAYA","8qmFIegBFrcChbhUWEP1","K1265","0"
"6YErVlOWir7sCLYN38wi","","2025-11-11T03:54:54.205Z","[]","SD 1 BUARAN MAYONG","NKsOqczLvbzUQOrPcTvY","K1751","0"
"6klR4gutCoB15jSxXqHc","","2025-11-03T03:34:33.073Z","[]","TOKO ANUGERAH","IQtU1AxfLTPqglkim04O","K1969","0"
"6vRo03RzvY56iPjCE2FL","","2025-10-21T04:22:57.447Z","[]","ILMA JAYA","1pS2Vw8a9fu0UurNB4v7","K1118","0"
"71lHQVEjlYXtbjcQxjAg","","2025-10-07T02:36:34.042Z","[]","TOKO HALIMAH","xLheMxVZ8I1BWrwmFw48","K1607","0"
"73GbhWkKec6Sxt9ls0Ly","","2025-10-25T03:51:36.282Z","[]","FARIDA ERYANTI","jNgDfhGZ4mVvt8VJrRX7","K2005","0"
"77iHc9NIj1ih0F2cGrkI","","2025-10-16T03:34:35.749Z","[]","TOKO HAPSARI","ZwFykP7rgzkf1aJM6g3n","K1936","0"
"7E9XmILNzDquzjHOuJyu","","2025-09-30T15:45:30.269Z","[]","LINDA ALDINA","U9xR5JynZ7Jjn3kBAFvc","K1401","0"
"7QZ0YA4UVamTZqhnCZi4","","2025-10-26T17:00:00.000Z","[]","TOKO ZUMAEROH","S3sXgtgCOOvXYK2lhUtV","K1599","0"
"7YksNjhsOToPGE7Y8McT","","2025-11-08T05:23:57.116Z","[]","ABIYAN CAKE","YPpBOMPT2aukjCk1wvxw","K1613","0"
"7ZeqVzOQnoH9DR4ZtyY7","","2025-11-14T04:58:37.076Z","[]","M. FAIZUN","UakrWJWMX4JcwWKopZSl","K1614","0"
"7f791TjhkNfuzKvRnWgO","","2025-10-11T03:28:35.514Z","[]","RIYADLUL QUR'AN","MBtynOjLtaD7KngRrvOo","K1286","0"
"7s7jC0JswKHPJ8WPHPtV","","2025-10-07T08:35:56.538Z","[]","MADUN","ImE48v9OEwbSNMRIb16y","K0373","0"
"7yhi8pV2znbA7zkAyoQD","","2025-11-13T03:01:38.559Z","[]","KANTIN SMA AL HIKMAH","IrbkzdFUGCvAzQv01tks","K0525","0"
"80HAjD0pYd3BXuRAfTlw","","2025-11-13T03:05:44.091Z","[]","LINAWATI SMU MUH 2","hWaUvcWJzlPMr3hZZqH7","K1197","0"
"81K02sKYihj6seMuB9mS","","2025-10-02T05:27:55.370Z","[]","WARUNG MADURA AL AMIN 2","LrDGivjSfm58oJ7eILXz","K1649","0"
"84rzTQousbpGU5QicsK8","","2025-10-02T07:29:27.042Z","[]","SISWANTO","sSufgeU8YIyZrAOZbEO6","K0526","0"
"86X2xC2AiyHsFCdKmBUd","","2025-10-14T05:21:26.100Z","[]","RESTU","ZpXCeOmAOnXDVw7mocUq","K0743","0"
"8NfCdHHdeGl3JeHjP5LP","","2025-11-10T05:18:40.858Z","[]","SD 3 BUNGU","nhuEhSvTkbCX7F1rYyfg","K1787","0"
"8XGiFeKOSM4zTI71QyaH","","2025-11-04T04:13:11.526Z","[]","NOR AMIN MAHMUD","CfKdWWsPbcqw3KjtwI29","K1987","0"
"8gy1yiXg85ex6vKtcOyO","","2025-09-30T15:55:16.864Z","[]","SD 2 SAMBUNG","5k0IiX8BPmDGfqaE43fc","K1684","0"
"8ySDmdiYiSQvqJeNVgJs","","2025-10-04T05:26:32.013Z","[]","WAKHIDATUS SHOLEHAH","kHooCaS0ksQrVzljSVVi","K1923","0"
"8ysEUJnESJjoq8qzDZgH","","2025-11-11T09:49:40.754Z","[]","ELLA 3 SMK PUTRI BALEKAMBANG","z3pT9BDTtISnQFgCmOtx","K0392","0"
"9MPQY2n6k36L9iHUjam9","","2025-09-30T15:52:41.083Z","[]","ASROFI","UrH2f6s6EPPQrYHqN6CP","K0425","0"
"9Mssw7j9jYXODcpV1sQZ","","2025-10-08T04:52:41.818Z","[]","TOKO VIANA","878SE6zfogSZSvQEzaQC","K1911","0"
"9NW6jrqiDNoJui19CvcL","","2025-10-22T04:02:05.187Z","[]","TOKO SHERLY","VktFHlWljj8CqZVnsjtM","K1500","0"
"9TQ1Nl3LU2GtCOdKti3Z","","2025-10-30T09:41:09.095Z","[]","SAMI JF MART","LjHKUWJDhaxyFOLArIdi","K1298","0"
"9rvthw1Lo29DSjCp2MGk","","2025-11-07T09:11:08.264Z","[]","M. FAIZUN","UakrWJWMX4JcwWKopZSl","K1614","0"
"A2HLJQtLjrG5lIYioWf4","","2025-11-01T03:32:18.976Z","[]","WAKHIDATUS SHOLEKHAH","kHooCaS0ksQrVzljSVVi","K1923","0"
"AB23qhjvBughkOYMJE9R","","2025-10-10T09:05:07.657Z","[]","WINARNO","9uWRqV8KbynkKmi3nulk","K2021","0"
"AC1tuuFS7rtEfzrXfVCI","","2025-11-01T04:08:35.284Z","[]","ABIYAN CAKE","YPpBOMPT2aukjCk1wvxw","K1613","0"
"ADm9Wdb9YMItkcmrYxMh","","2025-10-03T08:08:45.862Z","[]","SDN 1 BAKALAN ( TOKO SEMBAKO AHLIS )","Djb9VhTmktwIGcPkALLf","K2015","0"
"AKN3CGzguNkXD8oWp9nq","","2025-10-03T08:42:36.094Z","[]","TOKO RAHMAT","hrGSsYjRN0DC2i3QPnxO","K1816","0"
"ALYtzFdUZuANvcUnfetn","","2025-11-03T03:34:40.920Z","[]","TOKO ZUMAEROH","S3sXgtgCOOvXYK2lhUtV","K1599","0"
"ARUViF3dQLj4T0jQqsBj","","2025-10-29T06:48:36.991Z","[]","TOKO MBAK RINI","6pw30ZdwX1mjmVnAvMaL","K1725","0"
"ATMfXriILHc4V6zk0gHV","","2025-11-14T03:10:34.419Z","[]","MUSYAFAK","jVJBm18ggKRwQ9dO6sPu","K0512","0"
"AYXNKEbURRfkLflAyJdo","","2025-10-16T09:33:35.103Z","[]","LAKSITA SWALAYAN","pfVW6jSIplI2WXaQvEB7","K2101","0"
"Ae2E2SpepZCksHngqmFE","","2025-11-08T03:58:52.378Z","[]","TOKO IBU AMIN","AkprBUTUqD1gZOpeqLQy","K0503","0"
"AgZB8R0tgR62sz0Q9sq9","","2025-10-23T03:00:02.107Z","[]","KANTIN SMA AL HIKMAH","IrbkzdFUGCvAzQv01tks","K0525","0"
"Akx298jsZRIcmiOheKgQ","","2025-10-15T10:22:23.908Z","[]","TOKO BINTANI MART","Hfn7DH6eAWCVrAkmczwl","K1409","0"
"AugHcIzxGjWXXnPELZWV","","2025-11-01T05:18:57.668Z","[]","ALHUSNA MART","i3vRFtdn75Z0P1RiyJus","K0439","0"
"B1JN1bVl7XxzUHLgiPFr","","2025-11-05T03:21:02.905Z","[]","TOKO SAUDARA","tdeA3VNFi7t8G3VWRUm6","K1916","0"
"B7vA2TsgvghLQUATULXz","","2025-10-09T10:38:34.254Z","[]","YANI 2","QHP3VKx7Xl66YirpJdsY","K1018","0"
"B8sdkdEGG5Uf9grLg81W","","2025-11-12T08:58:02.329Z","[]","ENDANG SRI WAHYUNI","517lFqCrv4ylnAybXBuH","K1367","0"
"B9nPVpBBkpV7rzLparZ5","","2025-10-16T08:03:18.480Z","[]","TOKO LISA","d2fNqoVzXHxTmpY3E8v6","K1899","0"
"BIGD28RWJcIvNkoyvefl","","2025-10-07T09:59:49.359Z","[]","ELLA 3 SMK PUTRI BALEKAMBANG","z3pT9BDTtISnQFgCmOtx","K0392","0"
"BP7hPrMD2lzs4dPgu63F","","2025-11-05T06:11:02.616Z","[]","ABDUL MUJIB","t2gz4up7sN675kePt6Oc","K1315","0"
"BUqHPPImvQMhBz3Rw7ZG","","2025-10-20T05:16:07.819Z","[]","TOKO PAK MUL","R1Nb2wQKva33PYzOOokI","K1323","0"
"BVDqGnkuzxaBTPV5XBRI","","2025-11-08T06:54:24.175Z","[]","TRANSIT MART 2","HsBqJ8NfGtWtPy4dtOUp","K1534","0"
"BVwcpQc82j1aVlybepQ0","","2025-10-09T09:21:16.410Z","[]","BERKAH SHOLAWAT","YfBQlzNngeGfMuvgAEuJ","K1476","0"
"Bk5WjD87TMzP05TjoqBk","","2025-10-06T08:00:05.671Z","[]","TOKO RIZKY OS","cBXhRkwzErSSQ2yHFz8H","K1502","0"
"BmeZjqIA5OCELVuL4bWU","","2025-10-31T03:52:03.000Z","[]","SDN 1 BAKALAN ( TOKO SEMBAKO AHLIS )","Djb9VhTmktwIGcPkALLf","K2015","0"
"BrotJjxu9tckEU9XEI19","","2025-11-01T04:51:44.468Z","[]","PONPES MAYONG/ AL ISHOM","e3G6RcX2g2UHxpjV4Pem","K0991","0"
"Bx67Ch6HLUeTt4Cn7AFf","","2025-10-09T03:00:22.171Z","[]","SMK ISLAM AL HIKMAH MAYONG","8k5mHDdqhzvAFdnkqWei","K1387","0"
"C6S6OCxIPakfk4fH9CFw","","2025-11-08T05:41:32.174Z","[]","PONPES MAYONG/ AL ISHOM","e3G6RcX2g2UHxpjV4Pem","K0991","0"
"CDdG8mepslwOyHRBTipg","","2025-10-27T04:35:57.402Z","[]","RONDHI ARDIYANTO","rZ5BOP8Og7Zb2P9x4xE6","K0936","0"
"CVB29uMGJDNvMFwDqKGm","","2025-10-16T06:47:26.904Z","[]","YANI","wa6cy9OSn1Nt8nknPGk4","K0462","0"
"CiiAZRTEgyCoyc7dy0TG","","2025-10-14T09:44:24.865Z","[]","ELLA 3 SMK PUTRI BALEKAMBANG","z3pT9BDTtISnQFgCmOtx","K0392","0"
"Cu0MncE3lMY4rFFwBaKK","","2025-10-02T03:57:22.544Z","[]","SEJAHTERA FROZEN FOOD","0nchyPCKCX7ahDdo6icy","K1854","0"
"CwQuVG1fIqUzvZtUvs4S","","2025-10-23T02:17:41.209Z","[]","SMK ISLAM AL HIKMAH MAYONG","8k5mHDdqhzvAFdnkqWei","K1387","0"
"CzprzIRfGMp0wOOVPFTW","","2025-10-16T05:32:16.521Z","[]","PUTRA / ADE ZONE","36KgS7wC1Qnude8tPEJW","K1480","0"
"D2e8txCzGE84vz31DWqo","","2025-10-14T07:34:40.601Z","[]","TOSERBA JIWA MART","gHbbLlkgBIfTYKv7O0G6","K2008","0"
"DA28J6X9CCxF6BKadxu9","","2025-11-14T06:26:33.072Z","[]","SUMUK CELL","97dQ3fc5oJLPHPNSZvPe","K0504","0"
"DLFfWbu2fhXqERxt6hFR","","2025-11-06T06:28:03.941Z","[]","LINAWATI SMU MUH 2","hWaUvcWJzlPMr3hZZqH7","K1197","0"
"DSdU4p4KRTJruSlAQgIN","","2025-11-11T06:46:21.796Z","[]","IRWAN CELL","AiIHhFRAFqyGOx3AgdFI","K1867","0"
"DgMUP4FdxBwQQtvOkfzQ","","2025-10-16T04:00:42.104Z","[]","KANTIN SMA AL HIKMAH","IrbkzdFUGCvAzQv01tks","K0525","0"
"Dgmk0WvovulN7u5AgSh1","","2025-10-12T04:09:13.590Z","[]","ABIYAN CAKE","YPpBOMPT2aukjCk1wvxw","K1613","0"
"DhqmOZizyAgm6RG83jaN","","2025-11-01T03:33:03.014Z","[]","MBAK IS","Sd6g46vJ9IKhkDW5DXlf","K0485","0"
"Dov8AS3MQnyEOUemmt5l","","2025-10-27T06:05:33.759Z","[]","AISYA","4m6k3Lx6PkBmmkEOUFc1","K1128","0"
"E2XZTiPnL92BCcmoKVpS","","2025-11-08T05:41:25.902Z","[]","RATU WALI","7l4t8ictEySaPyXnKMDa","K1498","0"
"E4CcA8O6TAp0jv0MrwKN","","2025-10-21T09:06:37.407Z","[]","TOKO BU MUSRIFAH","1JROdrCwYQFtHPCZ63RC","K1943","0"
"EC3tdBAwrRWxdnU2N2CW","","2025-11-11T06:46:15.059Z","[]","SIDO MULYO","qBgHRkFD88KqnN8yy52I","K1484","0"
"EHr3rpJAXt2pBOfT9H50","","2025-10-21T02:47:27.922Z","[]","TOKO HALIMAH","xLheMxVZ8I1BWrwmFw48","K1607","0"
"EK45RKYHRPow4dY3ohxj","","2025-10-08T05:44:38.337Z","[]","TOKO SAUDARA","tdeA3VNFi7t8G3VWRUm6","K1916","0"
"ESrBJ1QDyNnGgDgEcJAu","","2025-11-07T07:04:13.000Z","[]","MUSYAFAK","jVJBm18ggKRwQ9dO6sPu","K0512","0"
"EcIJoJiBsILSTByAiCvZ","","2025-10-08T10:24:34.097Z","[]","TOKO ALI","pfBZeBBflEj9cMD0uZa2","K1154","0"
"EddJmAnYJIFdqR8u5e7Z","","2025-10-23T02:06:19.881Z","[]","SD NEGERI 2 PELEMKEREP MAYONG","xzGm4L1aBwzxJUEjFEWG","K1332","0"
"Epzg9bOx9XI9JpaVIxdb","","2025-10-21T09:08:10.280Z","[]","ELLA 3 SMK PUTRI BALEKAMBANG","z3pT9BDTtISnQFgCmOtx","K0392","0"
"ErGBck3Ayvst4amqbllj","","2025-10-22T10:07:12.857Z","[]","KHUDIN","I2ckekmi55nhDdQ2RGZn","K0661","0"
"EvigGd4gHMokPoqAw8Nv","","2025-10-08T03:24:24.100Z","[]","MUNTATIAH","bEH9JBG9XfbqU2R8PKNC","K1366","0"
"F0mMOqw1hoyzYmGKBv4U","","2025-10-06T08:16:34.658Z","[]","MUHKAFI","yUpqWUQuZmgdXeW3bt5N","K1832","0"
"F0n8HNM609XE139j9ReD","","2025-10-14T03:11:59.757Z","[]","MBAK YUYUN","xp0ZRBc7iUKQ0VDFMW5Y","K0379","0"
"FD0FCsF1WsGQXfsxEPeu","","2025-10-11T05:51:12.763Z","[]","ALIYA CELL","B432NajzpIiYQHMjsajM","K0721","0"
"FDDE1JdYCeTWN63LJhbz","","2025-10-03T05:10:43.980Z","[]","MADURA BUNDA","9pGAxSxQpP97NFr46tWJ","K2077","0"
"FFaaF7Crsf0ySnvCCzOH","","2025-11-11T07:20:39.180Z","[]","ULFA KHASANAH","yBsQQkZjVb4f23z50jbC","K1127","0"
"FJUVG10YfrIKeEKfQ4oz","","2025-10-11T03:28:53.233Z","[]","WAKHIDATUS SHOLEKHAH","kHooCaS0ksQrVzljSVVi","K1923","0"
"FVR5ikw92FXN0tcJeZOE","","2025-10-09T03:46:21.082Z","[]","TOKO HAPSARI","ZwFykP7rgzkf1aJM6g3n","K1936","0"
"FaxfH3wIqOauBgFtEdq6","","2025-10-24T17:00:00.000Z","[]","WINARNO","9uWRqV8KbynkKmi3nulk","K2021","0"
"FlTCfjrfDYUfc5fe949Y","","2025-11-13T05:26:59.621Z","[]","YANI","wa6cy9OSn1Nt8nknPGk4","K0462","0"
"FrJVftJxKWtcg2OonbiE","","2025-10-17T04:00:09.904Z","[]","DEWI","prsjnt4eZWb4sKtsXAOd","K0502","0"
"GOKXFJ6kVC9QbWxIX0nT","","2025-11-12T08:34:40.082Z","[]","TOKO SOCHIBATUL MUNAWAROH","uyiOKpYICdUeSfb42aOn","K1528","0"
"GnfooWfaMyaSBFgtvldn","","2025-10-03T06:16:25.463Z","[]","SUMUK CELL","97dQ3fc5oJLPHPNSZvPe","K0504","0"
"GqqOIgsRAYsiAGsbUA4h","","2025-10-04T06:44:58.869Z","[]","KOPERASI AL ALAWY","Al3wNMsqeYtsyijq1Fvh","K1555","0"
"GrDsJSG40KHRPTAY0LcB","","2025-11-11T03:34:43.389Z","[]","SD 3 BUARAN","ebebnNTVsoHmjsVzpaxp","K1788","0"
"GrEB2PGDOV8L44XNpoUn","","2025-11-07T03:26:14.087Z","[]","NIKMAT SEMBAKO","ZPG57TQu3HgMHFcjJS94","K1543","0"
"GtM8bUyiBqFX9yc7BVqt","","2025-11-10T10:09:34.794Z","[]","SAMILATUN KHASANAH","Yqbds11ik7n7cnIbAlyj","K1945","0"
"H3szl6UGHFKSkTnxK52k","","2025-10-06T08:45:16.648Z","[]","TIGA SAUDARA","XiCglP9CSUbM0jrjNHny","K0367","0"
"H4w7ql4qnB7XYWmgqJ3u","","2025-10-06T05:48:59.091Z","[]","TOKO PAK MUL","R1Nb2wQKva33PYzOOokI","K1323","0"
"H7mkXjQ6mWYtb1txtAbb","","2025-10-28T04:39:14.572Z","[]","SD 1 BUARAN MAYONG","NKsOqczLvbzUQOrPcTvY","K1751","0"
"HCniS07snWXNFIv2x2Ci","","2025-10-30T06:38:48.961Z","[]","YANI 2","QHP3VKx7Xl66YirpJdsY","K1018","0"
"HLg1iZf81uHTVF5nXqOz","","2025-11-07T06:33:57.000Z","[]","SUMUK CELL","97dQ3fc5oJLPHPNSZvPe","K0504","0"
"HPJMIKsf0cqIeSUH4jHW","","2025-10-15T09:17:57.236Z","[]","TOKO SOCHIBATUL MUNAWAROH","uyiOKpYICdUeSfb42aOn","K1528","0"
"HRCDxQEN9yQWqj0DDadN","","2025-11-13T04:50:44.924Z","[]","Toko Koss Mart","lNRFpK00n4trF3j94v5p","K2014","0"
"HU917UHOS5yrPwjEt8Mr","","2025-10-23T08:09:06.200Z","[]","YANI","wa6cy9OSn1Nt8nknPGk4","K0462","0"
"HW0SENl8GneMjuZiKxTy","","2025-11-10T05:55:14.323Z","[]","TOKO PAK MUL","R1Nb2wQKva33PYzOOokI","K1323","0"
"HWTtf7l91kyfAxPVeGhh","","2025-11-04T05:58:32.916Z","[]","MARYATI","aYAbEMlBicLREQd8m70C","K0378","0"
"HmE8mCLxKEuFH4poVHel","","2025-10-28T07:02:54.271Z","[]","ULFA KHASANAH","yBsQQkZjVb4f23z50jbC","K1127","0"
"HrEbLbi1iYcKqKOnqRRb","","2025-11-06T04:33:51.089Z","[]","FARIDA ERYANTI","jNgDfhGZ4mVvt8VJrRX7","K2005","0"
"HwTOqylLM6rdwvp3O0kt","","2025-10-15T05:37:36.363Z","[]","TOKO VANIA","OoHRaxncqsL1ElG0jLeK","K1868","0"
"I0qrbWKNDVcuDuO8jCP1","","2025-11-04T04:13:05.501Z","[]","NUR AFIDAH","O8g9w3lNqdo3pRpC2pwY","K1278","0"
"I1H2EuJCk0u6FBdkCKBh","","2025-11-13T08:34:00.082Z","[]","WARUNG MADURA AL-AMIN 2","LrDGivjSfm58oJ7eILXz","K1649","0"
"I62rUGxWsJN7RPUK5EMO","","2025-11-10T04:10:47.218Z","[]","TOKO ZUMAEROH","S3sXgtgCOOvXYK2lhUtV","K1599","0"
"ILG2tqIkR7Md649Mz7kZ","","2025-10-30T05:23:25.665Z","[]","FARIDA ERYANTI","jNgDfhGZ4mVvt8VJrRX7","K2005","0"
"IRrTQhoqoWuhY0ReAcW8","","2025-10-22T04:42:43.237Z","[]","TOKO VANIA","OoHRaxncqsL1ElG0jLeK","K1868","0"
"IVquiMQloRffYAwi6EgF","","2025-11-10T04:55:15.724Z","[]","RONDHI ARDIYANTO","rZ5BOP8Og7Zb2P9x4xE6","K0936","0"
"IZOxZD1zn59u4lp29P58","","2025-11-11T09:09:49.656Z","[]","MADUN","ImE48v9OEwbSNMRIb16y","K0373","0"
"IcwWkFvPlDhG4V22und5","","2025-10-07T04:28:35.279Z","[]","NUR AFIDAH","O8g9w3lNqdo3pRpC2pwY","K1278","0"
"Ir9BOPyYDFMAaMorLZrG","","2025-11-07T03:26:19.951Z","[]","DEWI","prsjnt4eZWb4sKtsXAOd","K0502","0"
"IrCHOmDvDYgHIqMXVHq5","","2025-10-29T06:48:28.888Z","[]","TOKO SOCHIBATUL MUNAWAROH","uyiOKpYICdUeSfb42aOn","K1528","0"
"IxbGmY3VOhjXPCoBDftM","","2025-11-13T09:45:30.874Z","[]","ALHUSNA MART","i3vRFtdn75Z0P1RiyJus","K0439","0"
"JEdG5tQqLBKRTeSEZFZE","","2025-11-04T05:36:46.602Z","[]","RESTU","ZpXCeOmAOnXDVw7mocUq","K0743","0"
"JFcwi4FStLyiPMbL3SiW","","2025-10-09T03:27:11.223Z","[]","TOKO RENASYA","Wd4tMZL3Gh5AME7jGCqL","K1512","0"
"JImEXOrcSshOAWnDtF2O","","2025-11-14T02:34:40.304Z","[]","SD IT AL HUSNA PELEMKEREP","4RrFtYEGtIzcVvzYWaMY","K1656","0"
"JJVGQVzsIZ6eAOUmuhVm","","2025-10-21T05:05:44.847Z","[]","NUR AFIDAH","O8g9w3lNqdo3pRpC2pwY","K1278","0"
"JJxBAZnCDssRmfj9uDot","","2025-10-20T09:29:14.375Z","[]","TIGA SAUDARA 2","ahRcxXhTEcb9lxNWNaut","K1149","0"
"JORXmAOCoqH1IY7ObMXn","","2025-11-05T06:12:48.506Z","[]","TOKO VIANA","878SE6zfogSZSvQEzaQC","K1911","0"
"Jhisv5pXzcEQjErFTPGP","","2025-11-13T09:51:35.000Z","[]","TOKO HAPSARI","ZwFykP7rgzkf1aJM6g3n","K1936","0"
"JkAD07wXR1n46s62I6ZQ","","2025-10-10T07:12:04.903Z","[]","MJ CELL","2zobAduRXbA1IyykFf5n","K0441","0"
"JrmY0xYYCT54sqmLYpFN","","2025-11-13T04:19:57.288Z","[]","PUTRA / ADE ZONE","36KgS7wC1Qnude8tPEJW","K1480","0"
"JtSIJgfEw7MMV3S5iKas","","2025-10-28T06:27:04.983Z","[]","RESTU","ZpXCeOmAOnXDVw7mocUq","K0743","0"
"Jtle4XJH02ESOHPoXR4O","","2025-11-03T07:42:07.542Z","[]","REZEKI LANCAR","SXfUg2IX86MSmv6tQUfp","K1540","0"
"JwUWnzYVGRKvF9GTItA1","","2025-10-15T04:32:22.308Z","[]","TOKO SAUDARA","tdeA3VNFi7t8G3VWRUm6","K1916","0"
"K3dvi32ycFt3Tba08kXA","","2025-10-23T04:18:47.109Z","[]","PUTRA / ADE ZONE","36KgS7wC1Qnude8tPEJW","K1480","0"
"K4yWbmISG9H2YCpVY4Nu","","2025-11-07T02:47:22.249Z","[]","SD IT AL HUSNA 2","dFJRnjEcCGZjVJ3vtZTF","K1759","0"
"KE16Bppkp5YdXrY8PAN7","","2025-11-01T03:07:06.182Z","[]","RIYADLUL QUR'AN","MBtynOjLtaD7KngRrvOo","K1286","0"
"KGQPHlXUt35gylko413v","","2025-10-22T08:53:52.646Z","[]","TOKO ANDI","NbD8s7PxFM7LcFShRs3Q","K1179","0"
"KHcIjAe3qV0L6IQ00Xvr","","2025-10-22T06:14:53.647Z","[]","TOKO ALI","pfBZeBBflEj9cMD0uZa2","K1154","0"
"KOdRYIBUTrM64tZ4y1UP","","2025-11-12T03:24:20.022Z","[]","MUNTATIAH","bEH9JBG9XfbqU2R8PKNC","K1366","0"
"KfTlow74B6e4aDnr9Am1","","2025-11-03T09:10:50.818Z","[]","TIGA SAUDARA","XiCglP9CSUbM0jrjNHny","K0367","0"
"KwW3ylghnV2VGjPzHdVx","","2025-11-07T04:37:55.059Z","[]","STICOM","ewv2xw7GgJtJXR8nPfQw","K0511","0"
"L71xIiJpyjGE7fzh5hNd","","2025-10-28T04:39:32.212Z","[]","SIDO MULYO","qBgHRkFD88KqnN8yy52I","K1484","0"
"LHuyBox93Kl3F6ie2Ovs","","2025-10-25T07:09:47.861Z","[]","SUMBER MULYA","ZE2ppkrg8ZR49fnJZeOY","K1535","0"
"LHyDb6t0LzuRyKXU2Qzp","","2025-10-15T09:40:04.953Z","[]","ABDUL MUJIB","t2gz4up7sN675kePt6Oc","K1315","0"
"LN3PNqYkFX9xQY6LZIiv","","2025-10-29T08:43:23.199Z","[]","KUSRIYAH","ICWLSSwzVvanVCAZdUih","K0742","0"
"LNb2ej1Yl9T6n1FEc5wG","","2025-10-30T05:42:04.000Z","[]","YANI","wa6cy9OSn1Nt8nknPGk4","K0462","0"
"LTbT8RJRQTCCqUAvcKxh","","2025-10-11T08:33:06.259Z","[]","NYAH JIT","IXBiyQspfEdWbNBMZp91","K1708","0"
"LU4LHecRrnbcqZxzUBQr","","2025-11-11T07:22:19.773Z","[]","MARYATI","aYAbEMlBicLREQd8m70C","K0378","0"
"LZbUbRWKpWsSw0nzMuSx","","2025-11-12T07:22:02.926Z","[]","TOKO ANDI","NbD8s7PxFM7LcFShRs3Q","K1179","0"
"LbAva2YhwUkoNJVutMLG","","2025-10-31T03:12:35.111Z","[]","SD IT AL HUSNA PELEMKEREP","4RrFtYEGtIzcVvzYWaMY","K1656","0"
"Le79llzVRB4rmG6eaD5O","","2025-10-02T06:19:10.622Z","[]","LAKSITA SWALAYAN","pfVW6jSIplI2WXaQvEB7","K2101","0"
"Lhxs5tpVTbAnlaiy6ZaL","","2025-10-17T08:36:26.967Z","[]","SDN 1 BAKALAN ( TOKO SEMBAKO AHLIS )","Djb9VhTmktwIGcPkALLf","K2015","0"
"LmaapgewJH72FHfyYfsT","","2025-10-11T05:14:22.916Z","[]","RATU WALI","7l4t8ictEySaPyXnKMDa","K1498","0"
"MO7Cv1Ojfge0RQu9NBwO","","2025-10-23T02:59:00.834Z","[]","TOKO HAPSARI","ZwFykP7rgzkf1aJM6g3n","K1936","0"
"MXIW8HdGFV4al3YQOFoa","","2025-10-01T03:52:36.139Z","[]","TATA MANDIRI","BYxFMWDMPNQaGNvbV341","K0365","0"
"Md4mOP3Qt8JaCwyFaMUU","","2025-10-13T02:47:07.599Z","[]","BU ISTIANAH ( MTS URWATIL WATSQO )","WbtoNXx8lwUgS8s1ojLR","K2066","0"
"Mm8pBm1pwODgPXTRdw48","","2025-10-29T03:21:11.478Z","[]","TOKO SHERLY","VktFHlWljj8CqZVnsjtM","K1500","0"
"MmdxzMnERQ9VLZbzeuL5","","2025-11-11T08:43:32.000Z","[]","TOSERBA JIWA MART","gHbbLlkgBIfTYKv7O0G6","K2008","0"
"Mx93OmR6772PVzYXNv88","","2025-10-17T07:52:26.245Z","[]","TOKO RAHMAT","hrGSsYjRN0DC2i3QPnxO","K1816","0"
"NAyLroORQDA7pVaPrjzk","","2025-11-05T06:12:27.320Z","[]","TOKO VANIA","OoHRaxncqsL1ElG0jLeK","K1868","0"
"NBv38TU07scufC83g6Ek","","2025-10-16T08:54:41.363Z","[]","WARUNG MADURA AL-AMIN 2","LrDGivjSfm58oJ7eILXz","K1649","0"
"NEpbSxIM0rPh3jKxGYNd","","2025-10-23T09:37:51.527Z","[]","TOKO LISA","d2fNqoVzXHxTmpY3E8v6","K1899","0"
"NI7kcjB3peSQoINASe25","","2025-11-12T07:36:47.321Z","[]","TOKO INDANAH","X4G4Mm97geyTM8hWkcGe","K1513","0"
"NLhRWdhnbAxwr8NP4ksW","","2025-11-03T04:15:03.590Z","[]","TOKO PAK MUL","R1Nb2wQKva33PYzOOokI","K1323","0"
"NWnxtUeApAPiXKqVeRQD","","2025-11-13T02:18:50.218Z","[]","SMK ISLAM AL HIKMAH MAYONG","8k5mHDdqhzvAFdnkqWei","K1387","0"
"NZvosZ1E2wifadZhcYpm","","2025-10-03T08:47:08.009Z","[]","ENDANG RISTIYOWATI","f2Z73egCvMj4PXs56DKE","K0532","0"
"NaMIBTjN5d6OpqCg1esp","","2025-10-21T07:58:00.328Z","[]","TOSERBA JIWA MART","gHbbLlkgBIfTYKv7O0G6","K2008","0"
"Nbuc3AYb1YE9cTw5LzBh","","2025-10-03T04:21:51.344Z","[]","SD IT AL HUSNA PELEMKEREP","4RrFtYEGtIzcVvzYWaMY","K1656","0"
"NeLDqSVOoWbPAWDk5eoN","","2025-10-29T06:22:50.747Z","[]","SUPARNO","usLxLxZs3KRwiDECcgTd","K0390","0"
"NikWCQOACS3ZJEcCvIan","","2025-10-20T07:44:40.990Z","[]","TOKO RIZKY OS","cBXhRkwzErSSQ2yHFz8H","K1502","0"
"NkhQRRSI1WMzSszCVHKm","","2025-10-31T03:15:55.912Z","[]","MBAK MUNA","TTn9hWhaS5l9V1auHGCk","K1970","0"
"NmHzDRpkpG2TfnPd10hM","","2025-10-23T07:49:25.941Z","[]","Toko Koss Mart","lNRFpK00n4trF3j94v5p","K2014","0"
"NtV8MVuSqz5xw0TPV5qD","","2025-10-23T07:49:37.696Z","[]","FARIDA ERYANTI","jNgDfhGZ4mVvt8VJrRX7","K2005","0"
"NzSR7Lfq64OaCkJXoSTX","","2025-11-04T07:02:54.353Z","[]","TOSERBA JIWA MART","gHbbLlkgBIfTYKv7O0G6","K2008","0"
"OHF6mRSDA97HrUYO4zoy","","2025-10-03T08:41:47.854Z","[]","APOTEK PUTRA PRIMA","n16DsU1bfxJ6le0HcELZ","K1993","0"
"OQMbbuMlLmkkjTx6KnZp","","2025-10-14T09:16:12.665Z","[]","ILMA JAYA","1pS2Vw8a9fu0UurNB4v7","K1118","0"
"Ok8aDAa8wNfyQDWTW8kl","","2025-10-11T05:04:46.207Z","[]","SD IT AL HUSNA PELEMKEREP","4RrFtYEGtIzcVvzYWaMY","K1656","0"
"OtaMxBvUvWfUYxhQAqi9","","2025-10-06T03:19:25.234Z","[]","SAMILATUN KHASANAH","Yqbds11ik7n7cnIbAlyj","K1945","0"
"P1XLjUx8YV8bTSArsdXq","","2025-11-13T09:06:55.285Z","[]","MADURA BUNDA","9pGAxSxQpP97NFr46tWJ","K2077","0"
"PB2KfSDjbp8Y4BHNaWRX","","2025-11-07T03:01:22.421Z","[]","SD IT AL HUSNA PELEMKEREP","4RrFtYEGtIzcVvzYWaMY","K1656","0"
"PEJTxT3ZNI381v9gwvPQ","","2025-10-16T08:54:34.066Z","[]","SUDARTO","W5T0mkGuUhrS8Xv4nxtZ","K0676","0"
"PN5Qpf9H9m8AkzquRNnH","","2025-10-03T08:43:44.415Z","[]","KANTIN PKU MUHAMMADYAH MAYONG","hX7OpXJoabbPtqfEEJTI","K0458","0"
"PdyqIfbaMNhwupW5gvHg","","2025-10-07T05:10:17.158Z","[]","SD 1 BUARAN MAYONG","NKsOqczLvbzUQOrPcTvY","K1751","0"
"PfB8MVfNLs9gt6jFXzxJ","","2025-10-10T04:19:53.400Z","[]","DEWI","prsjnt4eZWb4sKtsXAOd","K0502","0"
"PflNME49uEfBtRYGbNa7","","2025-10-20T06:11:09.448Z","[]","AL HUSNA 5 PANCUR","ofWTyzpsse8zoCymsmtO","K1919","0"
"Ph23Dixumx2oMqnxrGlm","","2025-10-08T07:44:26.566Z","[]","TOKO SOCHIBATUL MUNAWAROH","uyiOKpYICdUeSfb42aOn","K1528","0"
"PltR9zmAUBrDDYSAWBBr","","2025-10-22T04:02:21.312Z","[]","MUNTATIAH","bEH9JBG9XfbqU2R8PKNC","K1366","0"
"PxDdC6MntceCNLIWLn3z","","2025-10-25T03:53:51.757Z","[]","NUR YONO","rwANC5lfSRpAKV2HzJBj","K1982","0"
"Pxuo22Q5Hs7YSoNgDah1","","2025-11-12T06:18:10.310Z","[]","TOKO VIANA","878SE6zfogSZSvQEzaQC","K1911","0"
"PzXg4mIPiiLFj0p04cZ3","","2025-11-12T03:24:13.356Z","[]","TOKO SHERLY","VktFHlWljj8CqZVnsjtM","K1500","0"
"PzosPpALqmDgIZITNLh0","","2025-10-18T06:44:48.936Z","[]","ABIYAN CAKE","YPpBOMPT2aukjCk1wvxw","K1613","0"
"Q0UqxxiSzxLX5GdPeraH","","2025-10-01T03:20:09.823Z","[]","TOKO SAUDARA","tdeA3VNFi7t8G3VWRUm6","K1916","0"
"QHY5Ao9c56HEeKJk0KlM","","2025-10-17T06:56:27.021Z","[]","SD IT AL ANWAR","aKeHRY72jQ8R7GmJIMNH","K1658","0"
"QMJzsmNOEmO41NbOVFgS","","2025-10-20T04:26:11.349Z","[]","RONDHI ARDIYANTO","rZ5BOP8Og7Zb2P9x4xE6","K0936","0"
"QcEzgXXUYMj9S5EApJAq","","2025-10-21T08:42:14.253Z","[]","MADUN","ImE48v9OEwbSNMRIb16y","K0373","0"
"Qin1ScUIeKBOlTk4crIh","Event kardus : Free chocomalt 2 Box","2025-10-15T08:01:30.070Z","[]","TOKO INDANAH","X4G4Mm97geyTM8hWkcGe","K1513","0"
"QoC38UPQLY8vQ8htbJHe","","2025-10-29T06:01:18.457Z","[]","ENDANG SRI WAHYUNI","517lFqCrv4ylnAybXBuH","K1367","0"
"Qz28Vf2FtYFTKPO5X2fP","","2025-10-29T03:20:57.994Z","[]","MI ASSALAM SINGOROJO","gTE9rpKizzrf2b3XMEkU","K1928","0"
"RE2fkz0zPzyOm3Z5o1pE","","2025-10-16T04:39:06.624Z","[]","SISWANTO","sSufgeU8YIyZrAOZbEO6","K0526","0"
"RINSBK5QA9eFNB3ObPhA","","2025-10-20T03:42:18.881Z","[]","TOKO ANUGERAH","IQtU1AxfLTPqglkim04O","K1969","0"
"RMt9xzCX7LqRtFaRH9cs","","2025-10-22T09:01:48.648Z","[]","SUPARNO","usLxLxZs3KRwiDECcgTd","K0390","0"
"ROxIWn1VI9GjNGu7vFID","","2025-10-31T07:57:19.749Z","[]","KANTIN PKU MUHAMMADYAH MAYONG","hX7OpXJoabbPtqfEEJTI","K0458","0"
"RWkugwvKY1K7pnJ0bIk0","","2025-10-20T04:27:38.907Z","[]","SD 3 BUNGU","nhuEhSvTkbCX7F1rYyfg","K1787","0"
"RntXpIg3Ona3qpqniYLG","","2025-10-23T02:39:36.655Z","[]","TOKO RENASYA","Wd4tMZL3Gh5AME7jGCqL","K1512","0"
"S8bVIwS3C2YpoSP6WLOn","","2025-10-28T07:40:05.000Z","[]","MADUN","ImE48v9OEwbSNMRIb16y","K0373","0"
"SFcQVq7mTQXq2LuEWkgw","","2025-10-13T05:56:38.595Z","[]","MUNAWAROH","eLh6QEH4U1yPXyxJUerC","K1121","0"
"SMQR0G2GgiDIHyV0EgSp","","2025-11-04T09:51:56.194Z","[]","TOKO SOCHIBATUL MUNAWAROH","uyiOKpYICdUeSfb42aOn","K1528","0"
"SOBgv7v4MMl8a290P6zH","","2025-10-08T08:36:16.336Z","[]","BERKAH SAFAR","Bs2oePYU0B48Em6U0NdQ","K1482","0"
"SUSGNba0mNx6cZ0p89iT","","2025-11-08T05:00:39.245Z","[]","KOPERASI AL-ALAWY","Al3wNMsqeYtsyijq1Fvh","K1555","0"
"SmXKJJUicCcl9kZsfTNA","","2025-10-21T03:55:07.511Z","[]","ELLA 2 KANTIN MTS BALEKAMBANG","j5OQBnhs4A8lXEY9aNI4","K0391","0"
"Sr0RNRcyvh3O9TbrbuKQ","","2025-10-04T08:29:10.402Z","[]","NYAH JIT","IXBiyQspfEdWbNBMZp91","K1708","0"
"Sy253fuLtRadX4GSUUF9","","2025-10-28T09:42:14.171Z","[]","ELLA 3 SMK PUTRI BALEKAMBANG","z3pT9BDTtISnQFgCmOtx","K0392","0"
"T1pgDbRziXtk9nBDeFt1","","2025-10-01T08:20:42.527Z","[]","TOKO SOCHIBATUL MUNAWAROH","uyiOKpYICdUeSfb42aOn","K1528","0"
"T274uCSDVSs8WiI3kKu7","","2025-10-31T04:35:17.878Z","[]","DEWI","prsjnt4eZWb4sKtsXAOd","K0502","0"
"T5JwfvtocnXUDHseFkvO","","2025-10-20T09:18:48.082Z","[]","SAMILATUN KHASANAH","Yqbds11ik7n7cnIbAlyj","K1945","0"
"T8F9zvhJdTBQHo8NMO0g","","2025-10-11T06:30:46.546Z","[]","NUR YONO","rwANC5lfSRpAKV2HzJBj","K1982","0"
"TAPur5VZ4CtwplmM035z","","2025-10-15T06:49:00.007Z","[]","TOKO WAHYUDI","Un8CXZKfqVE45zerIgis","K1586","0"
"TDAgq9t68kZJbY0ECFiP","","2025-11-11T04:42:31.278Z","[]","NUR AFIDAH","O8g9w3lNqdo3pRpC2pwY","K1278","0"
"TDGqPQDYslORbAVoCKDs","","2025-10-18T04:41:15.169Z","[]","NUR YONO","rwANC5lfSRpAKV2HzJBj","K1982","0"
"TDeQLDADgnJhF58cOrKC","","2025-10-15T06:12:46.231Z","[]","ENDANG SRI WAHYUNI","517lFqCrv4ylnAybXBuH","K1367","0"
"TGeKozYKKd5DdGxcGKFr","","2025-10-13T08:47:43.032Z","[]","APOTEK PANCUR","P3S3LmNnq4sCQ7YUieWO","K0352","0"
"THO3RhDV4WKmJjas2ovh","","2025-11-05T05:03:10.149Z","[]","KUSRIYAH","ICWLSSwzVvanVCAZdUih","K0742","0"
"TM6HDTKaxIlcd1fU22tB","","2025-11-12T02:40:52.271Z","[]","MI ASSALAM SINGOROJO","gTE9rpKizzrf2b3XMEkU","K1928","0"
"Th9awSdnOvPkWr9MFg7K","","2025-10-27T08:15:39.026Z","[]","MUHKAFI","yUpqWUQuZmgdXeW3bt5N","K1832","0"
"U04iTtid78J3N7g18hJJ","","2025-10-18T06:38:44.034Z","[]","NYAH JIT","IXBiyQspfEdWbNBMZp91","K1708","0"
"U2koL8ybsBzACaHsAeKF","","2025-10-14T05:21:18.480Z","[]","WIWIK","B8hPBUTijMD2pKkhKEoc","K0424","0"
"UY4kzB5cKfjVtlriV5PB","","2025-10-03T02:48:46.748Z","[]","DEWI","prsjnt4eZWb4sKtsXAOd","K0502","0"
"UcCd24svpdtIOLfXwhOa","","2025-11-05T05:21:54.624Z","[]","TOKO INDANAH","X4G4Mm97geyTM8hWkcGe","K1513","0"
"UcYcosbKXlM2CsGx42hU","","2025-11-14T03:10:21.876Z","[]","SD IT AL ANWAR","aKeHRY72jQ8R7GmJIMNH","K1658","0"
"V30oYmxGEx4iMFQqbZ3m","","2025-10-27T04:36:07.583Z","[]","SD 3 BUNGU","nhuEhSvTkbCX7F1rYyfg","K1787","0"
"V8WzbXeYaUFeF8raDOxW","","2025-10-28T05:22:36.361Z","[]","WIWIK","B8hPBUTijMD2pKkhKEoc","K0424","0"
"V8mPrfW6NPjeyEE4Svkc","","2025-10-24T17:00:00.000Z","[]","ABIYAN CAKE","YPpBOMPT2aukjCk1wvxw","K1613","0"
"VA8K0PWwJfkxZjA4YDMk","","2025-10-28T09:36:46.618Z","[]","ILMA JAYA","1pS2Vw8a9fu0UurNB4v7","K1118","0"
"VEmABARU9dAYjn6KDFI9","","2025-10-25T05:46:57.683Z","[]","MUSYAFAK","jVJBm18ggKRwQ9dO6sPu","K0512","0"
"VHx3iU9AtUe57BzJYAIY","","2025-10-28T04:39:25.024Z","[]","NUR AFIDAH","O8g9w3lNqdo3pRpC2pwY","K1278","0"
"VITZTbvFKRoFUgRSUJmp","","2025-11-07T15:02:25.277Z","[]","SEJAHTERA FROZEN FOOD","0nchyPCKCX7ahDdo6icy","K1854","0"
"VS1sWmxNoTeChUmCClPl","","2025-10-03T05:45:08.695Z","[]","MJ CELL","2zobAduRXbA1IyykFf5n","K0441","0"
"VmvWxXgRUTgemCSEP8ZT","","2025-10-06T09:26:47.813Z","[]","APOTEK PANCUR","P3S3LmNnq4sCQ7YUieWO","K0352","0"
"VnMQwQq8Z9JADLiUuV6u","","2025-10-21T05:21:36.893Z","[]","NOR AMIN MAHMUD","CfKdWWsPbcqw3KjtwI29","K1987","0"
"VnjB0DAaizU885hPHyli","","2025-10-01T07:45:32.943Z","[]","TOKO MBAK RINI","6pw30ZdwX1mjmVnAvMaL","K1725","0"
"VoRRhWKSw8f04kylZXqo","","2025-11-14T03:50:42.906Z","[]","MJ CELL","2zobAduRXbA1IyykFf5n","K0441","0"
"VoWe7WJUygIk164lc39D","","2025-11-11T07:14:44.873Z","[]","MASRUKIN","xXcBnRjwrKPQNBumnzm6","K1334","0"
"W67nSaAOxmkreDn3ibFQ","","2025-10-09T09:02:55.031Z","[]","SAMI JF MART","LjHKUWJDhaxyFOLArIdi","K1298","0"
"W8uwL5zwbZjocA2utxZM","","2025-11-01T04:38:19.403Z","[]","RATU WALI","7l4t8ictEySaPyXnKMDa","K1498","0"
"WAEAQ5W6UykVuz8SmWW0","","2025-11-12T05:25:59.671Z","[]","TOKO VANIA","OoHRaxncqsL1ElG0jLeK","K1868","0"
"WQyM8tXMfkMtr3kgMFC3","","2025-10-28T05:22:42.000Z","[]","NOR AMIN MAHMUD","CfKdWWsPbcqw3KjtwI29","K1987","0"
"WVLaDUx21ZxyZlXaDAC2","","2025-10-27T04:36:39.817Z","[]","TOKO PAK MUL","R1Nb2wQKva33PYzOOokI","K1323","0"
"WxhBR44bJDVOL4yaxaux","","2025-10-01T09:03:55.359Z","[]","ABDUL MUJIB","t2gz4up7sN675kePt6Oc","K1315","0"
"XiQulVoOrOVFR25rYYrC","","2025-10-17T09:46:33.979Z","[]","ALHUSNA MART","i3vRFtdn75Z0P1RiyJus","K0439","0"
"XoRHqiEA6ZkoNDVfkujJ","","2025-10-04T07:06:32.245Z","[]","RATU WALI","7l4t8ictEySaPyXnKMDa","K1498","0"
"XzeNvKWaV8dfT5P12Yt9","Order dibuat dari halaman Order: ","2025-10-05T15:03:40.650Z","[]","ALMA MART","hHf2x3hxQleMEMp5aLvO","K2002","0"
"Y3OvBF1QhC2VEGLEI8eA","","2025-10-07T04:46:21.005Z","[]","NOR AMIN MAHMUD","CfKdWWsPbcqw3KjtwI29","K1987","0"
"YC14BZYJsR5HNX8gH2qS","","2025-10-27T07:51:04.363Z","[]","MUSTAQIM","OBIPITnGgdtvp0zkVSIL","K1352","0"
"YHSE12jFVwxQRqi1ouIJ","","2025-11-04T07:21:23.378Z","[]","ELLA 2 KANTIN MTS BALEKAMBANG","j5OQBnhs4A8lXEY9aNI4","K0391","0"
"YIe7xevX0DpfIqWvyCfC","","2025-11-14T08:58:33.615Z","[]","WINARNO","9uWRqV8KbynkKmi3nulk","K2021","0"
"YRojML5lL4ctzgT1UHVe","","2025-10-07T02:50:30.958Z","[]","MBAK YUYUN","xp0ZRBc7iUKQ0VDFMW5Y","K0379","0"
"YSfs8ldOsGYsnQtRWO4q","","2025-10-30T06:14:53.673Z","[]","WARUNG MADURA AL-AMIN 2","LrDGivjSfm58oJ7eILXz","K1649","0"
"YVpQaTZRiBWBoZB6ZJr8","","2025-10-13T05:16:44.513Z","[]","TOKO PAK MUL","R1Nb2wQKva33PYzOOokI","K1323","0"
"Yi3I7OBy6EeYyPO4Mi1S","","2025-10-10T05:59:11.263Z","[]","SUMUK CELL","97dQ3fc5oJLPHPNSZvPe","K0504","0"
"Yk17G0s4BGH12c9o16Zw","","2025-10-09T07:01:29.769Z","[]","APOTEK PUTRA PRIMA","n16DsU1bfxJ6le0HcELZ","K1993","0"
"YoSgaCLL3tfMqnk18oe8","","2025-10-01T07:01:22.605Z","[]","KUSRIYAH","ICWLSSwzVvanVCAZdUih","K0742","0"
"YySfFgpFff4ojDu1AUfF","","2025-10-06T04:04:05.861Z","[]","ZUMAEROH","S3sXgtgCOOvXYK2lhUtV","K1599","0"
"Z9qdDVXZCJQmGg1QKdxK","","2025-09-30T15:50:47.045Z","[]","FC RIFKI MUSLIM","bg5QtWE4C8JBbd7ZjClA","K1876","0"
"ZOZBpCnJ8S6iDb4kTVtI","","2025-11-13T09:06:21.734Z","[]","BERKAH SHOLAWAT","YfBQlzNngeGfMuvgAEuJ","K1476","0"
"ZQD6iSAwZp76JBR1V0cA","","2025-10-01T09:46:18.825Z","[]","TOKO ALI","pfBZeBBflEj9cMD0uZa2","K1154","0"
"ZVeNjDaPhICCaSJHlnWq","","2025-10-28T07:30:00.426Z","[]","TOSERBA JIWA MART","gHbbLlkgBIfTYKv7O0G6","K2008","0"
"ZaMD8jYtqsWvUPpo3FGP","","2025-11-07T08:35:35.203Z","[]","MJ CELL","2zobAduRXbA1IyykFf5n","K0441","0"
"Zx9mi4iXB2O9rKDxPKzP","","2025-11-11T03:34:49.673Z","[]","AL-FALAH","6XnHlhaup6RQesAHfOFv","K0375","0"
"a0R1YeS29ScNF5hq9U2f","","2025-10-29T08:23:30.000Z","[]","MASRUKIN","xXcBnRjwrKPQNBumnzm6","K1334","0"
"a12qLwUFswihMnpMkvF3","","2025-10-09T10:33:36.075Z","[]","TOKO LISA","d2fNqoVzXHxTmpY3E8v6","K1899","0"
"a1ruZSYPUX4AKm1ZPc4L","","2025-10-07T06:49:32.438Z","[]","MASRUKIN","xXcBnRjwrKPQNBumnzm6","K1334","0"
"aLQA9SsrhTXsyGmn5Xbz","","2025-10-01T09:44:01.581Z","[]","KHUDIN","I2ckekmi55nhDdQ2RGZn","K0661","0"
"aTIaTdSVKuTXlnGoZbLa","","2025-10-30T08:39:19.722Z","[]","ENDANG RISTIYOWATI","f2Z73egCvMj4PXs56DKE","K0532","0"
"aTfQ4nCg8uZC3jkBlfLW","","2025-10-15T04:32:14.672Z","[]","TOKO SHERLY","VktFHlWljj8CqZVnsjtM","K1500","0"
"afehOeIZ5j6V3gOC7cQE","","2025-10-09T07:24:39.511Z","[]","Toko Koss Mart","lNRFpK00n4trF3j94v5p","K2014","0"
"agilLCFGbPhlJJrfTthj","","2025-10-06T06:15:18.067Z","[]","REZEKI LANCAR","SXfUg2IX86MSmv6tQUfp","K1540","0"
"apSazkN54GhVOXauDkqC","","2025-10-07T08:15:14.317Z","[]","TOSERBA JIWA MART","gHbbLlkgBIfTYKv7O0G6","K2008","0"
"aq7LhKfFJJzvNdOaeh1a","","2025-10-11T08:34:34.117Z","[]","SUMBER MULYA","ZE2ppkrg8ZR49fnJZeOY","K1535","0"
"b0xH6p39tTa8NbPpV4IC","","2025-10-13T08:09:09.994Z","[]","TIGA SAUDARA 2","ahRcxXhTEcb9lxNWNaut","K1149","0"
"b0z3cMRHnycwlGFVKJmI","","2025-11-04T03:11:05.433Z","[]","AL-FALAH","6XnHlhaup6RQesAHfOFv","K0375","0"
"bJfqyU0AfIhQfdMXcdx3","","2025-10-16T07:20:18.290Z","[]","YANI 2","QHP3VKx7Xl66YirpJdsY","K1018","0"
"bMEhweoyuVLDRMAZLCKV","","2025-10-08T09:26:27.247Z","[]","KUSRIYAH","ICWLSSwzVvanVCAZdUih","K0742","0"
"bTYBeV36HRBn7X8hn0iz","","2025-10-01T04:24:28.188Z","[]","TOKO SHERLY","VktFHlWljj8CqZVnsjtM","K1500","0"
"bVNOpUkKjL1mTQl7GMAU","","2025-10-22T05:36:55.077Z","[]","TOKO VIANA","878SE6zfogSZSvQEzaQC","K1911","0"
"bbZKxzckoHcrSZfvlXIs","","2025-11-12T03:03:58.484Z","[]","TOKO SAUDARA","tdeA3VNFi7t8G3VWRUm6","K1916","0"
"bdBPEq4Nk810cbr6Xzb2","","2025-09-30T15:54:59.104Z","[]","ANNISA MEDINI","7dHRay9lYvtsQBmfQUzz","K0416","0"
"belnfMepRmdglfQseSrj","","2025-10-06T03:32:40.446Z","[]","TOKO ANUGERAH","IQtU1AxfLTPqglkim04O","K1969","0"
"besjghZxYvMIPNXE3DUh","","2025-10-18T04:02:14.654Z","[]","MBAK IS","Sd6g46vJ9IKhkDW5DXlf","K0485","0"
"bgzoLMtzBhSODm6q2bWG","","2025-10-14T04:22:59.444Z","[]","NOR AMIN MAHMUD","CfKdWWsPbcqw3KjtwI29","K1987","0"
"biQr75Zf65z1SS21LdQJ","","2025-11-12T08:57:54.685Z","[]","ABDUL MUJIB","t2gz4up7sN675kePt6Oc","K1315","0"
"btMbAY02zkyg4iIyrXPf","","2025-10-16T04:38:51.659Z","[]","LINAWATI SMU MUH 2","hWaUvcWJzlPMr3hZZqH7","K1197","0"
"cEFzRqxVulEgg7Qb7VkI","","2025-10-03T03:03:45.254Z","[]","NIKMAT SEMBAKO","ZPG57TQu3HgMHFcjJS94","K1543","0"
"cG0upNkncO4nUs5Ez7Y0","","2025-10-18T03:21:57.693Z","[]","AMIN","AkprBUTUqD1gZOpeqLQy","K0503","0"
"cLv1kUrKq2d1dHPugWA9","","2025-10-31T06:04:04.340Z","[]","MUSYAFAK","jVJBm18ggKRwQ9dO6sPu","K0512","0"
"cRTAcEZdCgkFm6TvCGKT","","2025-10-20T06:28:11.119Z","[]","MUNAWAROH","eLh6QEH4U1yPXyxJUerC","K1121","0"
"cWGDIlGhpUTmbhKbsesc","","2025-09-30T15:51:54.107Z","[]","JAYA PLASTIK","KvDkcBJqJzsLvbm3pmuR","K0415","0"
"cWV9l135RtsryHBaQV9w","","2025-10-08T08:50:06.748Z","[]","TOKO ANDI","NbD8s7PxFM7LcFShRs3Q","K1179","0"
"cZ4lVdWP86tQ8Zaw2US2","","2025-11-04T03:39:59.000Z","[]","ILMA JAYA","1pS2Vw8a9fu0UurNB4v7","K1118","0"
"chB8b8AbGjE0mmTpey3W","","2025-10-17T06:52:25.482Z","[]","SUMUK CELL","97dQ3fc5oJLPHPNSZvPe","K0504","0"
"ct0CKQXwOHDBIqP5ctjI","","2025-11-03T08:32:00.000Z","[]","TOKO RIZKY OS","cBXhRkwzErSSQ2yHFz8H","K1502","0"
"ctOZ2aMJlKv2sW8OTQ8O","","2025-10-11T03:45:18.775Z","[]","MBAK IMA","7eLpiuXvWvr11bxaDZWz","K0740","0"
"dQPk6Gcwf8zvMwgtS5iV","","2025-10-25T07:32:05.393Z","[]","ALIYA CELL","B432NajzpIiYQHMjsajM","K0721","0"
"diPd9fWgHcVo15Qjgfb3","","2025-10-27T03:13:15.025Z","[]","TOKO ANUGERAH","IQtU1AxfLTPqglkim04O","K1969","0"
"djRD9HuvWgbwH9RRqfm4","","2025-10-06T07:13:13.417Z","[]","MUSTAQIM","OBIPITnGgdtvp0zkVSIL","K1352","0"
"dvvr3TC9UsBdVJoNiBnG","","2025-10-15T09:00:30.495Z","[]","SUPARNO","usLxLxZs3KRwiDECcgTd","K0390","0"
"e0k2H4d9qAPHEC01i2sx","","2025-11-06T03:28:25.000Z","[]","TOKO RENASYA","Wd4tMZL3Gh5AME7jGCqL","K1512","0"
"e4SfQN2EVqE8igymck25","","2025-10-04T03:44:59.754Z","[]","RIYADLUR QURAN","MBtynOjLtaD7KngRrvOo","K1286","0"
"e7UrOzJ1fsFwQPkOUSaO","","2025-11-03T04:14:51.030Z","[]","RONDHI ARDIYANTO","rZ5BOP8Og7Zb2P9x4xE6","K0936","0"
"eFeRWr0G2XM4q49qDBd1","","2025-10-17T04:30:55.374Z","[]","ENDANG RISTIYOWATI","f2Z73egCvMj4PXs56DKE","K0532","0"
"eM9aZcw1Yktsll8oeD52","","2025-10-08T03:27:33.142Z","[]","MI ASSALAM SINGOROJO","gTE9rpKizzrf2b3XMEkU","K1928","0"
"eNmOf1kTPD6wUXiPb9S7","","2025-10-11T03:29:02.494Z","[]","MBAK IS","Sd6g46vJ9IKhkDW5DXlf","K0485","0"
"eR7SNB0LcPCd4iIG52DN","","2025-11-06T03:45:54.312Z","[]","TOKO HAPSARI","ZwFykP7rgzkf1aJM6g3n","K1936","0"
"eV2ToSUkVOHhT41BhJA6","","2025-10-18T03:52:47.609Z","[]","WAKHIDATUS SHOLEKHAH","kHooCaS0ksQrVzljSVVi","K1923","0"
"eYClmg7LbVhPbh3E8BnD","","2025-11-05T05:02:49.971Z","[]","TOKO ANDI","NbD8s7PxFM7LcFShRs3Q","K1179","0"
"ebTNT2pJSYYWXegrhW55","","2025-11-12T07:37:03.784Z","[]","TOKO MBAK RINI","6pw30ZdwX1mjmVnAvMaL","K1725","0"
"eeetlf0QXvu1QeqngUR9","","2025-10-02T08:11:32.794Z","[]","SAMI JF MART","LjHKUWJDhaxyFOLArIdi","K1298","0"
"ehQKaEy8fEIJSGgfXJyN","","2025-11-10T06:48:42.388Z","[]","MUSTAQIM","OBIPITnGgdtvp0zkVSIL","K1352","0"
"epPRMtHrQOmtAvCli9Or","","2025-10-01T04:36:36.888Z","[]","TOKO BINTANI MART","Hfn7DH6eAWCVrAkmczwl","K1409","0"
"etxKawcyKyHIemtkCZ0B","","2025-10-17T09:46:44.816Z","[]","TRANSIT MART 2","HsBqJ8NfGtWtPy4dtOUp","K1534","0"
"eukO5zrd7fjmcU448IH8","","2025-10-15T04:55:34.513Z","[]","TOKO VIANA","878SE6zfogSZSvQEzaQC","K1911","0"
"fP2Gy376DYzqXQ1yMSe4","","2025-10-13T06:50:53.266Z","[]","AISYA","4m6k3Lx6PkBmmkEOUFc1","K1128","0"
"fSpmV8Q3YylwR9MeDZng","","2025-10-29T05:30:49.000Z","[]","TOKO VIANA","878SE6zfogSZSvQEzaQC","K1911","0"
"fUqwSdV09TSHenFtCsFA","","2025-10-27T07:12:55.383Z","[]","TOKO M ANIQ ALFARUQI","615zUNcqDmWisXG92rkP","K1533","0"
"fZLEEAUoQvVWbaEKqwu3","","2025-09-30T15:54:33.784Z","[]","TOKO SRI ZAETUN","anWcVyyLevHAMDFssCz3","K1815","0"
"faXYPvk3ugpWIxvULeEg","","2025-10-31T07:39:02.000Z","[]","MJ CELL","2zobAduRXbA1IyykFf5n","K0441","0"
"fjYBMeu0roSFE7FsOYd8","","2025-11-07T07:50:36.161Z","[]","SD IT AL ANWAR","aKeHRY72jQ8R7GmJIMNH","K1658","0"
"fkEJftukwQxVuxS9Vw8s","","2025-10-07T09:55:44.504Z","[]","MARYATI","aYAbEMlBicLREQd8m70C","K0378","0"
"fuDUf6jd22FUr0YpZ6bF","","2025-10-22T08:00:17.680Z","[]","TOKO MBAK RINI","6pw30ZdwX1mjmVnAvMaL","K1725","0"
"fvJigzaFiqhvF9JspsCZ","","2025-10-22T02:47:13.628Z","[]","MI ASSALAM SINGOROJO","gTE9rpKizzrf2b3XMEkU","K1928","0"
"gCA87HrPDq0EWEyo8iW0","","2025-10-01T03:01:52.352Z","[]","MI ASSALAM SINGOROJO","gTE9rpKizzrf2b3XMEkU","K1928","0"
"gHixv2lvVUyHCTDwfZQV","","2025-10-16T06:18:07.544Z","[]","Toko Koss Mart","lNRFpK00n4trF3j94v5p","K2014","0"
"gIalyW9YJpvpXZ33d82l","","2025-09-30T15:54:46.623Z","[]","ASMARA CELL","6eCwQnclAdFyzGLDlNMc","K1592","0"
"gK1wOWeWsddwxEQ4xyP7","","2025-10-02T05:16:15.936Z","[]","SUDARTO","W5T0mkGuUhrS8Xv4nxtZ","K0676","0"
"gjtKlXAsQ3ImHUzWGlvd","","2025-11-03T02:36:40.791Z","[]","BU ISTIANAH ( MTS URWATIL WATSQO )","WbtoNXx8lwUgS8s1ojLR","K2066","0"
"gmwwNLOrx3W8f97anVrP","","2025-10-08T07:44:48.423Z","[]","TOKO MBAK RINI","6pw30ZdwX1mjmVnAvMaL","K1725","0"
"h1HQrj8KolkLCocfIPwm","","2025-10-02T04:35:31.964Z","[]","YANI 2","QHP3VKx7Xl66YirpJdsY","K1018","0"
"hQ6xPidZNyVN4RebdGae","","2025-11-01T05:39:53.799Z","[]","NYAH JIT","IXBiyQspfEdWbNBMZp91","K1708","0"
"hWQhkLI36JW6DnOttO0c","","2025-10-03T09:14:11.623Z","[]","MUSYAFAK","jVJBm18ggKRwQ9dO6sPu","K0512","0"
"heOXpjqnZbzfvzHYc8pg","","2025-11-05T03:21:10.759Z","[]","TOKO SHERLY","VktFHlWljj8CqZVnsjtM","K1500","0"
"hem85huDpw5umyyMG4RH","","2025-10-30T17:00:00.000Z","[]","TRANSIT MART 2","HsBqJ8NfGtWtPy4dtOUp","K1534","0"
"hyBfFCoOs23XUOnowXr2","","2025-11-05T03:04:15.452Z","[]","MI ASSALAM SINGOROJO","gTE9rpKizzrf2b3XMEkU","K1928","0"
"i0IwYNJ4PfjXnjWzUdgB","","2025-10-09T08:46:39.460Z","[]","FARIDA ERYANTI","jNgDfhGZ4mVvt8VJrRX7","K2005","0"
"i6k9JOg3uclfyO3oMqH7","","2025-10-04T08:07:39.371Z","[]","ALIYA CELL","B432NajzpIiYQHMjsajM","K0721","0"
"iAzNsvORINLHTjQw5JYJ","","2025-11-10T10:26:28.325Z","[]","TOKO ANUGERAH","IQtU1AxfLTPqglkim04O","K1969","0"
"iK0WEYAzNOZpJqu2Lms5","","2025-10-28T03:13:49.000Z","[]","MBAK YUYUN","xp0ZRBc7iUKQ0VDFMW5Y","K0379","0"
"iVvIiMdDcU2Y6hfKW736","","2025-10-23T03:37:07.871Z","[]","SISWANTO","sSufgeU8YIyZrAOZbEO6","K0526","0"
"iewRg9j6LJGMko5G2oe2","","2025-11-08T07:22:49.000Z","[]","ALIYA CELL","B432NajzpIiYQHMjsajM","K0721","0"
"ifZZRWqgG0HvVL13Fm52","","2025-11-07T06:54:06.824Z","[]","TOKO KOBER","42f4rMSZhOHXH6oYOXMn","K1571","0"
"isS0zWjuC5xZCSbe5vST","","2025-10-21T06:41:15.150Z","[]","MARYATI","aYAbEMlBicLREQd8m70C","K0378","0"
"iu8zQGLw1PTqlo59S7w5","","2025-10-13T09:39:12.045Z","[]","SAMILATUN KHASANAH","Yqbds11ik7n7cnIbAlyj","K1945","0"
"jMS3y1GNOzUrYt7zBz0p","","2025-10-17T08:11:11.352Z","[]","APOTEK PUTRA PRIMA","n16DsU1bfxJ6le0HcELZ","K1993","0"
"jNmIcNW1dgEtejlt7d5Q","","2025-10-03T03:34:24.849Z","[]","SUKATI","7xXpzkyryOEVARIJWA8V","K0467","0"
"jTFAiqqVkLAeijohDZW3","","2025-10-06T10:22:21.151Z","[]","TIGA SAUDARA 2","ahRcxXhTEcb9lxNWNaut","K1149","0"
"jWVt0d7YuuVAx2EWJwFQ","","2025-10-31T05:39:17.000Z","[]","SUMUK CELL","97dQ3fc5oJLPHPNSZvPe","K0504","0"
"jcKUFCnOqtLmvS3J1uD8","","2025-10-21T03:12:52.761Z","[]","MBAK YUYUN","xp0ZRBc7iUKQ0VDFMW5Y","K0379","0"
"jiqxqun8Pgip2sJ3mjhG","","2025-10-02T08:05:14.875Z","[]","TOKO RENASYA","Wd4tMZL3Gh5AME7jGCqL","K1512","0"
"jp8REYBWDzKo79saHxSs","","2025-11-13T09:16:56.663Z","[]","NICE SWALAYAN","aR8hwBYkMccoUYlxzjC7","K2144","0"
"jxS5qHJJyWA1M7M9DdQs","","2025-10-08T05:44:13.075Z","[]","TOKO SHERLY","VktFHlWljj8CqZVnsjtM","K1500","0"
"jzRZrNcHwTyjA39IZA1s","","2025-11-14T04:54:55.654Z","[]","ENDANG RISTIYOWATI","f2Z73egCvMj4PXs56DKE","K0532","0"
"k6KQ1oOT1OdTlW0R99Fa","","2025-10-02T08:39:34.220Z","[]","ALHUSNA MART","i3vRFtdn75Z0P1RiyJus","K0439","0"
"kAf38WG3Yyw9HZ9dIVhW","","2025-11-01T03:52:52.000Z","[]","NUR YONO","rwANC5lfSRpAKV2HzJBj","K1982","0"
"kENpmLZ8AwWMQs1BFkLb","","2025-10-21T03:15:40.842Z","[]","SD 3 BUARAN","ebebnNTVsoHmjsVzpaxp","K1788","0"
"kNz4OhgitzQ972j80YbN","","2025-11-10T04:09:46.549Z","[]","BU ISTIANAH ( MTS URWATIL WATSQO )","WbtoNXx8lwUgS8s1ojLR","K2066","0"
"kS671MjXSbNSDic2RLrh","","2025-11-04T03:10:58.273Z","[]","MBAK YUYUN","xp0ZRBc7iUKQ0VDFMW5Y","K0379","0"
"kZqYuTa8bBY2bBTvNCdO","","2025-10-22T05:55:01.261Z","[]","TOKO WAHYUDI","Un8CXZKfqVE45zerIgis","K1586","0"
"keVIkM47XOzXQOWNZSE5","","2025-10-10T03:34:22.553Z","[]","SUDARTO","W5T0mkGuUhrS8Xv4nxtZ","K0676","0"
"kmQrya6SQ4Bs4zxWMVLM","","2025-11-06T08:25:57.998Z","[]","MADURA BUNDA","9pGAxSxQpP97NFr46tWJ","K2077","0"
"kn3MOQPYHNiq21NYdeU0","","2025-10-10T03:11:29.206Z","[]","WARUNG MADURA AL-AMIN 2","LrDGivjSfm58oJ7eILXz","K1649","0"
"kn4kn9IJLWuOA1HLswFf","","2025-10-10T09:47:27.678Z","[]","MBAK MUNA","TTn9hWhaS5l9V1auHGCk","K1970","0"
"lAgJlMvr2gBEQqI9Bp0x","","2025-10-14T06:31:04.665Z","[]","MARYATI","aYAbEMlBicLREQd8m70C","K0378","0"
"lCmV7HaBfzggyMvUjCZe","","2025-11-13T04:00:07.047Z","[]","SUKATI","7xXpzkyryOEVARIJWA8V","K0467","0"
"lHVQ47bVjOe5J7nr98De","","2025-10-18T05:02:22.540Z","[]","MBAK IMA","7eLpiuXvWvr11bxaDZWz","K0740","0"
"lWhZfTGb0xyuvwfz21lm","","2025-10-16T02:52:10.041Z","[]","SMK ISLAM AL HIKMAH MAYONG","8k5mHDdqhzvAFdnkqWei","K1387","0"
"lp81urrBZFd5JYgfiymw","","2025-10-08T08:18:41.014Z","[]","TOKO INDANAH","X4G4Mm97geyTM8hWkcGe","K1513","0"
"lr8J90WYZBXDItJwKrc0","","2025-10-09T04:55:31.212Z","[]","KANTIN SMA AL HIKMAH","IrbkzdFUGCvAzQv01tks","K0525","0"
"lyKpQ5yEvEyCTMwV5uia","","2025-11-12T08:44:16.337Z","[]","SUPARNO","usLxLxZs3KRwiDECcgTd","K0390","0"
"m5qcXK2yIktFw1lGikQu","","2025-10-07T06:40:51.633Z","[]","ULFA KHASANAH","yBsQQkZjVb4f23z50jbC","K1127","0"
"m677izkcAKKmsHMhK1qM","","2025-10-07T05:36:55.038Z","[]","WIWIK","B8hPBUTijMD2pKkhKEoc","K0424","0"
"mBtxRBMpJAHn7FvmYj5n","","2025-10-04T05:24:53.797Z","[]","SD IT AL ANWAR","aKeHRY72jQ8R7GmJIMNH","K1658","0"
"mEmLahDgfiyVOp7Hpha5","","2025-10-17T03:02:29.624Z","[]","NIKMAT SEMBAKO","ZPG57TQu3HgMHFcjJS94","K1543","0"
"mR68PGCNNlNZsdx9wNEy","","2025-10-07T03:20:08.800Z","[]","ELLA 2 KANTIN MTS BALEKAMBANG","j5OQBnhs4A8lXEY9aNI4","K0391","0"
"mUvD7pbGF6WxPLE42tm1","","2025-10-09T07:00:49.659Z","[]","SUKATI","7xXpzkyryOEVARIJWA8V","K0467","0"
"mYqy0zrqgvJNsRg5gRwa","","2025-10-20T08:22:52.500Z","[]","APOTEK PANCUR","P3S3LmNnq4sCQ7YUieWO","K0352","0"
"mdPAFt5eoFgendlirZ5c","","2025-10-31T07:57:26.823Z","[]","ALMA MART","hHf2x3hxQleMEMp5aLvO","K2002","0"
"mtmEfgh4MJ71Mh5r3qqn","","2025-11-14T10:40:58.713Z","[]","TRANSIT MART 2","HsBqJ8NfGtWtPy4dtOUp","K1534","0"
"mzcu2aeVWgCmmBSWLnJx","","2025-10-03T04:41:11.719Z","[]","WINARNO","9uWRqV8KbynkKmi3nulk","K2021","0"
"n4pJ2fVUzegHakz0l3lJ","","2025-10-03T01:39:52.908Z","[]","ALMA MART","hHf2x3hxQleMEMp5aLvO","K2002","0"
"n8RYa22fybcDLJjy6KD4","","2025-10-04T06:08:47.766Z","[]","SD IT AL HUSNA 2","dFJRnjEcCGZjVJ3vtZTF","K1759","0"
"nAJmjzKnitvqpyLvEhXO","","2025-11-06T08:27:40.901Z","[]","NICE SWALAYAN","aR8hwBYkMccoUYlxzjC7","K2144","0"
"nDnOTO8bax5o9rdIOOB6","","2025-11-11T06:14:23.204Z","[]","RESTU","ZpXCeOmAOnXDVw7mocUq","K0743","0"
"nFejL1UotkDNPaB0QefA","","2025-10-31T07:38:54.775Z","[]","SD IT AL ANWAR","aKeHRY72jQ8R7GmJIMNH","K1658","0"
"nLb4yr4ERliZzFVP1qIY","","2025-11-01T04:08:27.265Z","[]","KOPERASI AL-ALAWY","Al3wNMsqeYtsyijq1Fvh","K1555","0"
"nOXtFt0cnNgpqgeO98HH","","2025-09-30T15:51:17.197Z","[]","LAKUMI SWALAYAN","e68oBFx4bdKYumNQmbTj","K1357","0"
"nOhH2c7mi9hPwZdROPDK","","2025-10-13T07:03:27.747Z","[]","MUSTAQIM","OBIPITnGgdtvp0zkVSIL","K1352","0"
"niFFInzUsQgL0fLvCfej","","2025-10-17T06:56:20.450Z","[]","TOKO KOBER","42f4rMSZhOHXH6oYOXMn","K1571","0"
"nlNZiAWtkifadU5j072a","","2025-10-31T03:18:56.308Z","[]","APOTEK PUTRA PRIMA","n16DsU1bfxJ6le0HcELZ","K1993","0"
"nn1T4G6D9Pm8WVK7nafu","","2025-10-13T17:00:00.000Z","[]","TOKO HALIMAH","xLheMxVZ8I1BWrwmFw48","K1607","0"
"nqh1nb5ptphx8PbS0h9U","","2025-10-13T07:44:13.738Z","[]","TOKO RIZKY OS","cBXhRkwzErSSQ2yHFz8H","K1502","0"
"nsYCck1tfeJeF79Ye9jW","","2025-10-01T07:26:26.772Z","[]","TOKO INDANAH","X4G4Mm97geyTM8hWkcGe","K1513","0"
"nxZfQufVhodSp1HCoQFn","","2025-11-12T05:26:08.806Z","[]","PP  ALHUSNA 2","BvWPE9XFvPFjtvTQTh8G","-","0"
"o1ZBzQT1m57ELFporYNl","","2025-10-25T03:27:32.043Z","[]","RIYADLUL QUR'AN","MBtynOjLtaD7KngRrvOo","K1286","0"
"o2TBR6zGXB1d6K78pMQg","","2025-09-30T15:51:39.745Z","[]","WR MADURA KHUMAIROH 2","Ia1jpq30ooBs6e6ZuLq8","K1912","0"
"oEFElKLflqE65HINZbIL","","2025-09-30T15:46:57.160Z","[]","TOKO LARIS MANIS","YsnM07B6W88r9GApCX92","K2111","0"
"oUDDVrh1Zf9CahWkjwYw","","2025-11-14T07:25:46.424Z","[]","DEWI","prsjnt4eZWb4sKtsXAOd","K0502","0"
"oZiPrfn5JYEWhgib6Hsn","","2025-11-03T08:01:43.993Z","[]","MUSTAQIM","OBIPITnGgdtvp0zkVSIL","K1352","0"
"oigj101LDN3LQjBqi8vO","","2025-10-17T06:56:37.272Z","[]","MJ CELL","2zobAduRXbA1IyykFf5n","K0441","0"
"osS5qD1mIrgDRktH7UfV","","2025-10-21T03:55:18.843Z","[]","SD 1 BUARAN MAYONG","NKsOqczLvbzUQOrPcTvY","K1751","0"
"p0e5lQEOarJjryE9YScz","","2025-10-20T06:59:17.018Z","[]","MUSTAQIM","OBIPITnGgdtvp0zkVSIL","K1352","0"
"p4fn44UsBJD6ksOzLbFf","","2025-10-14T05:41:16.169Z","[]","SIDO MULYO","qBgHRkFD88KqnN8yy52I","K1484","0"
"p6lseOpwYK1gfeLEbMxy","","2025-11-05T09:56:36.610Z","[]","TOKO MBAK RINI","6pw30ZdwX1mjmVnAvMaL","K1725","0"
"pHVzCF99G3S3F7Sh3JPj","","2025-11-05T04:45:37.731Z","[]","SUPARNO","usLxLxZs3KRwiDECcgTd","K0390","0"
"pNUGTIQ9fIZWquCf5sjk","","2025-11-03T09:35:50.000Z","[]","TIGA SAUDARA 2","ahRcxXhTEcb9lxNWNaut","K1149","0"
"q4Ea8EXxl93Pb1iUw0dO","","2025-11-14T06:48:36.989Z","[]","TOKO KOBER","42f4rMSZhOHXH6oYOXMn","K1571","0"
"q6KfxUXG1qieXIEUerKx","","2025-11-04T02:45:32.088Z","[]","TOKO HALIMAH","xLheMxVZ8I1BWrwmFw48","K1607","0"
"qFJ6E22YLEoYe5JNVPOF","","2025-10-17T04:50:30.273Z","[]","STICOM","ewv2xw7GgJtJXR8nPfQw","K0511","0"
"qIYFmnAvjd7jiA24Isyb","","2025-11-08T03:31:36.688Z","[]","WAKHIDATUS SHOLEKHAH","kHooCaS0ksQrVzljSVVi","K1923","0"
"qOdkSMwFkdzTMNhZ7O61","","2025-10-22T03:03:49.343Z","[]","TOKO SAUDARA","tdeA3VNFi7t8G3VWRUm6","K1916","0"
"qY0eJva0DBHHzmgYhzZT","","2025-10-31T06:03:36.236Z","[]","TOKO KOBER","42f4rMSZhOHXH6oYOXMn","K1571","0"
"qgbLRnSJG2RYkjG0tjqA","","2025-11-14T08:28:21.076Z","[]","ALMA MART","hHf2x3hxQleMEMp5aLvO","K2002","0"
"qingfgOLobjgM86A5HmI","","2025-09-30T15:50:23.003Z","[]","TOKO UD TANI H.PARDI & PATMI","IH0j3u6zMVijvCybTcaD","K1454","0"
"qpu9sCv3Z5i6tNu3Ijfk","","2025-11-13T08:00:32.430Z","[]","KANTOR PWI","UwdRliDTCsIK7mN3UplU","K1877","0"
"r8DBywi7ZzKarY8Wer4l","","2025-10-07T05:06:27.080Z","[]","SD 3 BUARAN","ebebnNTVsoHmjsVzpaxp","K1788","0"
"rGD7oPqvbtGNbwWiwfOZ","","2025-10-17T07:42:20.631Z","[]","SD IT AL HUSNA PELEMKEREP","4RrFtYEGtIzcVvzYWaMY","K1656","0"
"rJwJoR5nXi8rTEzIe9f5","","2025-11-03T07:46:01.959Z","[]","MUNAWAROH","eLh6QEH4U1yPXyxJUerC","K1121","0"
"rXXNM557E0pJKy9Mrhn9","","2025-10-22T07:36:34.228Z","[]","TOKO SOCHIBATUL MUNAWAROH","uyiOKpYICdUeSfb42aOn","K1528","0"
"rZ2SFTb17CtdbNh8Alm4","","2025-10-30T04:32:37.402Z","[]","SUKATI","7xXpzkyryOEVARIJWA8V","K0467","0"
"ruw257Ke6DfjTqDTF2RC","","2025-10-13T03:20:16.021Z","[]","TOKO ANUGERAH","IQtU1AxfLTPqglkim04O","K1969","0"
"s1pBom5fbQE4Bh5DP66b","","2025-10-25T03:52:02.280Z","[]","MBAK IS","Sd6g46vJ9IKhkDW5DXlf","K0485","0"
"s1stNnOwim9eC604O00N","","2025-10-09T05:44:32.937Z","[]","SISWANTO","sSufgeU8YIyZrAOZbEO6","K0526","0"
"s6X5RCdsjvXve4vjFkHx","","2025-10-18T05:46:37.755Z","[]","RATU WALI","7l4t8ictEySaPyXnKMDa","K1498","0"
"sEF2TEbuRuoCSwgQMxvQ","","2025-10-29T09:19:22.042Z","[]","TOKO ANDI","NbD8s7PxFM7LcFShRs3Q","K1179","0"
"sFEjIcFHLYVZbRirWEsY","","2025-10-14T04:46:34.512Z","[]","NUR AFIDAH","O8g9w3lNqdo3pRpC2pwY","K1278","0"
"sjDCE6mZWDvTOlav2awC","","2025-11-06T04:20:11.000Z","[]","Toko Koss Mart","lNRFpK00n4trF3j94v5p","K2014","0"
"syLsBAt4adATNOdFiBTC","","2025-11-06T05:15:52.912Z","[]","WARUNG MADURA AL-AMIN 2","LrDGivjSfm58oJ7eILXz","K1649","0"
"t0GeY1KD97ACtneO5C11","","2025-10-04T05:27:47.901Z","[]","MBAK IS","Sd6g46vJ9IKhkDW5DXlf","K0485","0"
"t41kvzcEc1pzjRbgX5oj","","2025-11-05T05:02:44.403Z","[]","BERKAH SAFAR","Bs2oePYU0B48Em6U0NdQ","K1482","0"
"tC2HuBDFi8jhndVfC5S4","","2025-10-31T03:18:49.271Z","[]","SD IT AL HUSNA 2","dFJRnjEcCGZjVJ3vtZTF","K1759","0"
"tegEwtBOL1H1WeUxwmKf","","2025-11-01T03:02:30.276Z","[]","TOKO IBU AMIN","AkprBUTUqD1gZOpeqLQy","K0503","0"
"tlVJaI6TJCaPfYnsPhJa","","2025-11-06T06:57:14.031Z","[]","SISWANTO","sSufgeU8YIyZrAOZbEO6","K0526","0"
"tlpXm2WYVbRkpkSnAWR7","","2025-10-23T08:36:11.692Z","[]","YANI 2","QHP3VKx7Xl66YirpJdsY","K1018","0"
"tsPuBTLZOTAXuu01bfo2","","2025-10-15T08:35:39.202Z","[]","BU ISTIANAH ( MTS URWATIL WATSQO )","WbtoNXx8lwUgS8s1ojLR","K2066","0"
"tsdvmwQVr1oxvEneMAT4","","2025-10-28T03:09:07.479Z","[]","TOKO HALIMAH","xLheMxVZ8I1BWrwmFw48","K1607","0"
"tuWVJeWkxnj0msnQIsF9","","2025-10-23T04:45:11.444Z","[]","SUKATI","7xXpzkyryOEVARIJWA8V","K0467","0"
"tuzDgj8Iga6YekhwQk5Q","","2025-11-05T03:50:46.000Z","[]","MUNTATIAH","bEH9JBG9XfbqU2R8PKNC","K1366","0"
"txvEpoqPXMRxICPZhUgy","","2025-11-03T07:48:27.087Z","[]","MUHKAFI","yUpqWUQuZmgdXeW3bt5N","K1832","0"
"tyddlj7pOTXb9YlStE7t","","2025-10-15T03:58:34.022Z","[]","MI ASSALAM SINGOROJO","gTE9rpKizzrf2b3XMEkU","K1928","0"
"uBUulvoWcqoqv2ymENy1","","2025-11-06T06:00:52.667Z","[]","YANI 2","QHP3VKx7Xl66YirpJdsY","K1018","0"
"uEGl2Ry50MhOk2RvflUc","","2025-10-09T04:16:00.820Z","[]","LINAWATI SMU MUH 2","hWaUvcWJzlPMr3hZZqH7","K1197","0"
"uGCMs6oBYX4mHC8GUjAf","","2025-10-30T07:15:19.670Z","[]","LAKSITA SWALAYAN","pfVW6jSIplI2WXaQvEB7","K2101","0"
"uf9VxZXIN4CiZnBrCv2C","","2025-10-10T03:07:58.916Z","[]","SDN 1 BAKALAN ( TOKO SEMBAKO AHLIS )","Djb9VhTmktwIGcPkALLf","K2015","0"
"uiiNtHeVA0SESGsVDAhg","","2025-10-04T04:42:48.424Z","[]","NUR YONO","rwANC5lfSRpAKV2HzJBj","K1982","0"
"uvytzL0iz20lDqdbhRD5","","2025-10-27T09:38:21.000Z","[]","APOTEK PANCUR","P3S3LmNnq4sCQ7YUieWO","K0352","0"
"v4dOPZMUCBONYwFBbeEz","","2025-10-20T06:28:03.575Z","[]","AISYA","4m6k3Lx6PkBmmkEOUFc1","K1128","0"
"v7lHrE4fjSixOURa4qyY","","2025-11-13T05:57:27.005Z","[]","YANI 2","QHP3VKx7Xl66YirpJdsY","K1018","0"
"vSQ3KV4pPqdnt2nj16tX","","2025-10-08T09:26:32.980Z","[]","BU ISTIANAH ( MTS URWATIL WATSQO )","WbtoNXx8lwUgS8s1ojLR","K2066","0"
"vVvGJWBOn82onEiBs1cU","","2025-10-01T05:36:09.319Z","[]","TOKO WAHYUDI","Un8CXZKfqVE45zerIgis","K1586","0"
"vXwVQfFRWd6W41fpe9r6","","2025-11-14T07:54:41.165Z","[]","NIKMAT SEMBAKO","ZPG57TQu3HgMHFcjJS94","K1543","0"
"vYg66xV90wKxR3ditCuy","","2025-10-14T04:01:56.563Z","[]","SD 1 BUARAN MAYONG","NKsOqczLvbzUQOrPcTvY","K1751","0"
"vasjqv3VcJ77L34FCNZV","","2025-11-14T04:54:47.054Z","[]","STICOM","ewv2xw7GgJtJXR8nPfQw","K0511","0"
"vbN2nzAFgBwLm6gL81PD","","2025-10-13T03:43:24.854Z","[]","RONDHI ARDIYANTO","rZ5BOP8Og7Zb2P9x4xE6","K0936","0"
"vbeNcDX7hkTSVFV6gnio","","2025-10-13T05:34:38.469Z","[]","REZEKI LANCAR","SXfUg2IX86MSmv6tQUfp","K1540","0"
"vrxX32It8DpuNWnbIjzl","","2025-10-25T06:02:41.106Z","[]","TOKO RAHMAT","hrGSsYjRN0DC2i3QPnxO","K1816","0"
"vte8lfo4BKANxMXzrQ5Q","","2025-10-10T04:33:29.510Z","[]","STICOM","ewv2xw7GgJtJXR8nPfQw","K0511","0"
"vuGUHXpCsf239iIJ0fgx","","2025-10-08T05:35:18.210Z","[]","TOKO WAHYUDI","Un8CXZKfqVE45zerIgis","K1586","0"
"vy3uUfhse0LwhKYwSA5j","","2025-09-30T15:47:41.522Z","[]","NIHAYAH","a7BPFmbAjENxbAhs7RiN","K1422","0"
"vybzRL7OOrGBHFBKdfaS","","2025-10-27T08:51:49.000Z","[]","TOKO RIZKY OS","cBXhRkwzErSSQ2yHFz8H","K1502","0"
"wFHYbDIeGw7i7302S78A","","2025-10-03T05:09:49.216Z","[]","PUTRA / ADE ZONE","36KgS7wC1Qnude8tPEJW","K1480","0"
"wSB3aXLC4FBUE7eUNIay","","2025-11-03T07:42:20.145Z","[]","TOKO M ANIQ ALFARUQI","615zUNcqDmWisXG92rkP","K1533","0"
"wbuUHUQdTHiXpJma9nCh","","2025-11-05T09:15:35.991Z","[]","TOKO BINTANI MART","Hfn7DH6eAWCVrAkmczwl","K1409","0"
"wlQqCYuXyvxC582TJQzg","","2025-10-02T07:25:02.432Z","[]","KANTOR PWI","UwdRliDTCsIK7mN3UplU","K1877","0"
"woUhcBoQU26lqTY4TpYl","","2025-10-21T05:52:08.325Z","[]","WIWIK","B8hPBUTijMD2pKkhKEoc","K0424","0"
"wpMa9dwKdYk3EZVxq2tc","","2025-10-09T06:11:24.935Z","[]","PUTRA / ADE ZONE","36KgS7wC1Qnude8tPEJW","K1480","0"
"wzNnzEPEokbE8uqfhIRQ","","2025-10-30T03:24:28.764Z","[]","SMK ISLAM AL HIKMAH MAYONG","8k5mHDdqhzvAFdnkqWei","K1387","0"
"wzexeuKp5pYwvMi6PAzl","","2025-11-11T05:12:25.033Z","[]","NOR AMIN MAHMUD","CfKdWWsPbcqw3KjtwI29","K1987","0"
"wzl0aOUcfwujH4KtX8PI","","2025-10-03T05:12:18.513Z","[]","TRANSIT MART 2","HsBqJ8NfGtWtPy4dtOUp","K1534","0"
"xMBR4fpykJ4sckS4jIKK","","2025-10-20T07:23:49.273Z","[]","MUHKAFI","yUpqWUQuZmgdXeW3bt5N","K1832","0"
"xOrt14rwuUbcXoZOdJpV","","2025-11-05T06:52:13.938Z","[]","TOKO WAHYUDI","Un8CXZKfqVE45zerIgis","K1586","0"
"xPY321z3ijJqvvCZu9hz","","2025-11-05T04:31:56.921Z","[]","TATA MANDIRI","BYxFMWDMPNQaGNvbV341","K0366","0"
"xTDdr4nQWRTS49rQQ3YO","","2025-10-20T06:11:16.843Z","[]","TOKO M ANIQ ALFARUQI","615zUNcqDmWisXG92rkP","K1533","0"
"xgLMOtvQ7MIEZO1emOrL","","2025-10-08T10:22:59.748Z","[]","TOKO BINTANI MART","Hfn7DH6eAWCVrAkmczwl","K1409","0"
"xvAbOVFQ5TwTWlnBSlWN","","2025-10-10T08:00:56.659Z","[]","TOKO RAHMAT","hrGSsYjRN0DC2i3QPnxO","K1816","0"
"yED8ZNeiIOpQSCaQUe3t","","2025-11-05T06:52:20.336Z","[]","TOKO ALI","pfBZeBBflEj9cMD0uZa2","K1154","0"
"yHZrg2IThvRLNFyKPSDp","","2025-10-13T07:48:12.887Z","[]","MUHKAFI","yUpqWUQuZmgdXeW3bt5N","K1832","0"
"yJmd8FCXWGmAsIfySHpT","","2025-10-02T04:05:34.573Z","[]","YANI","wa6cy9OSn1Nt8nknPGk4","K0462","0"
"yOi3QLfwi7OJ4mCwfzCZ","","2025-10-08T09:51:53.808Z","[]","KHUDIN","I2ckekmi55nhDdQ2RGZn","K0661","0"
"yX1KV65nMmICMDSlvzst","","2025-10-01T08:35:53.041Z","[]","SUPARNO","usLxLxZs3KRwiDECcgTd","K0390","0"
"ybHFSgp4QaIVbdVDo4Gz","","2025-11-04T07:03:05.301Z","[]","MADUN","ImE48v9OEwbSNMRIb16y","K0373","0"
"ydMc4R1sGsXQnpmj9G9X","","2025-10-08T05:20:33.140Z","[]","ENDANG SRI WAHYUNI","517lFqCrv4ylnAybXBuH","K1367","0"
"ykLhBJ6VZPjVyYFYsY5Z","","2025-10-02T03:30:26.481Z","[]","TOKO KOSS MART","lNRFpK00n4trF3j94v5p","K2014","0"
"yti1my6pX59yDgz7RYNR","","2025-10-15T07:15:57.265Z","[]","TOKO MBAK RINI","6pw30ZdwX1mjmVnAvMaL","K1725","0"
"ytuGiWyWZVaccWWN4h5N","","2025-10-01T05:11:45.912Z","[]","ENDANG SRI WAHYUNI","517lFqCrv4ylnAybXBuH","K1367","0"
"zRgKGKzWTfLBveLIuY4I","","2025-11-04T09:28:32.145Z","[]","KHUDIN","I2ckekmi55nhDdQ2RGZn","K0661","0"
"zVLxBaoGeQ02Wj0luuqI","","2025-10-27T05:39:26.069Z","[]","REZEKI LANCAR","SXfUg2IX86MSmv6tQUfp","K1540","0"
"zVVuPjjL8StkXlp4iJYY","","2025-10-18T07:12:55.388Z","[]","ALIYA CELL","B432NajzpIiYQHMjsajM","K0721","0"
"zdh2fAj4gOfKncNRUkS1","","2025-11-12T04:40:13.039Z","[]","TOKO BINTANI MART","Hfn7DH6eAWCVrAkmczwl","K1409","0"
"zgtbso6zj6kKp9Y9Ihb2","","2025-10-06T05:47:12.754Z","[]","RONDHI ARDIYANTO","rZ5BOP8Og7Zb2P9x4xE6","K0936","0"
"zvN3XJsxI5W7xM5R0haD","","2025-11-01T06:01:16.111Z","[]","ALIYA CELL","B432NajzpIiYQHMjsajM","K0721","0"