id,hargaJualPerPcs,nama,isiPerBox,foto,hargaPerBox,available,createdAt
"4ZGi81slpOycqNbJ8lvW","3500","STRAWBERRY CRISPY","40","https://aice.sesarengan.my.id/storage/products/SSxKLpfF6yYTHrK3a0LZiLsGXFRkb8kfDL0VDWHf.webp","110000","true","2025-09-25T15:16:05.118Z"
"7UxUJTQkHUiENrlXOJp2","7000","CHOCOLATE MAX CONE","24","https://aice.sesarengan.my.id/storage/products/d7CGovomQBPk8ho7ztHzYkEEcuL1lkP1VeUP4QYL.webp","131000","false","2025-09-25T15:19:26.241Z"
"BaaVl0Oq2oHnOUy1Cfuw","3500","COFFE CRISPY","40","https://aice.sesarengan.my.id/storage/products/gSm9V8Bt9wPe5XmwphauOuCDQxpbUyYKl7gmMuPj.webp","110000","true","2025-09-25T15:15:13.973Z"
"DoKWCzEByEeYXQFxFinE","5000","STRAWBERRY CONE","24","https://aice.sesarengan.my.id/storage/products/3N1ZJ02M9IDeuSLwAhhboYcBhON287R5HEGCy1SX.jpg","97500","true","2025-09-25T15:14:37.541Z"
"EF26XY2EwO1i35LRXuBv","3000","MOCHI PEACH","40","https://aice.sesarengan.my.id/storage/products/PevV8KlSTksJP0ktV9TPx5FnXnSEX2dUoGCFoDJm.webp","92500","true","2025-09-25T15:03:42.453Z"
"ETb42XTcLpBbcC1aLhcb","5000","CHOCOLATE CRISPY","30","https://aice.sesarengan.my.id/storage/products/MNAhtt2tce3oxRkH4g6xZbd8T2W22dVchOqqHK1u.webp","117000","true","2025-09-25T15:16:34.030Z"
"F4qHZUhwkEnkGMWDyqIm","9000","3 IN 1","27","https://aice.sesarengan.my.id/storage/products/eX9HjjeDRHyjPQCefbNz7Yz3puuGYICMZr9md8z6.webp","192000","true","2025-09-25T15:21:41.535Z"
"Hzn6DvSXYxLmhtuekqkk","3000","VANILLA BERRY CONE","48","https://encrypted-tbn0.gstatic.com/images?q=tbn:ANd9GcRcx4O-uTnIuHtYK2KBh5kqoE6tsvdeKdlRmAELfzggKUXD486e36--rwYn&s=10","115200","false","2025-10-27T02:01:52.753Z"
"IDeDw8ay7rGfQANXeYLM","2500","CHOCOLATE STICK (BINGO)","50","https://aice.sesarengan.my.id/storage/products/58FBFOGQBciMPLYKFR6kzdFkZdGkUnJAsXolCgbd.jpg","97000","true","2025-09-25T15:13:09.441Z"
"IObGPAtQC6EtHr2XcpUY","3000","MOCHI CHOCOLATE","40","https://aice.sesarengan.my.id/storage/products/2kbEnRaD8p9ZBsDuCfqtN9TYf7I8pZ9YFmlIOgWZ.webp","93500","false","2025-09-25T15:03:05.754Z"
"KtjGECYEwOyqkWM0Iu4E","2000","FRUIZY GRAPE","50","https://aice.sesarengan.my.id/storage/products/Xvohj5mrCaIhTy16Yq2uCVtNQWMWCMInUr5iMKMi.webp","80000","true","2025-09-25T14:59:02.610Z"
"L0uQuYqgS8Q4smIuyRs4","5000","CRISPY BALLS COOKIS","30","https://aice.sesarengan.my.id/storage/products/vIXBzhNpvjEqRAAtW260J7iJErSx79kI67uO5mnn.webp","118500","true","2025-09-25T15:17:58.850Z"
"Msk1v54GqR6gX6mqxqGS","2000","NANAS","50","https://aice.sesarengan.my.id/storage/products/TUcti1ApAW6TKfmFIDSgzYBRo4FDv8tYXvrdXDXx.webp","77500","true","2025-09-25T14:57:34.478Z"
"N8oPUfk4JcfNuyfZeRcM","2000","JERUK","50","https://aice.sesarengan.my.id/storage/products/1NcuZQc7zjASuqjOVqD0a3ZgCsGrROu1qwfbb3jL.webp","78000","true","2025-09-25T14:58:24.682Z"
"NOHAYE89jzvVJFKZcLFB","2000","CHOCO MALT","50","https://aice.sesarengan.my.id/storage/products/sttm4zAbP6NN41t071jljxZPB63XOnNxHo2RYEqF.webp","80000","true","2025-09-25T14:59:29.457Z"
"PnPJnogSXAiytWfTxQWM","3000","MOCHI MANGO","40","https://aice.sesarengan.my.id/storage/products/FTNWHaGoTeuzMx6bBu2OnYPp3OeefOpOWE0whJc0.webp","94500","true","2025-09-25T15:08:33.189Z"
"QLk1TKlyQAC1EHOPZ7M6","5000","SUNDAE CHOCOLATE","24","https://aice.sesarengan.my.id/storage/products/bZk39NqZIxMqV4yDbl6PQqhhyPTBzWFlqSEUNTrM.webp","97000","true","2025-09-25T15:12:03.995Z"
"R52hO3IOVzVI3PRqPmGP","2000","MIKI-MIKI DOUBLE CHOCO","60","https://aice.sesarengan.my.id/storage/products/djl4C4sNadUKvb8pqjg1m4pGrw9Lfl2nrvsvqnBK.jpg","93500","true","2025-09-25T15:05:05.754Z"
"U3qfJlCyL3zOiNLFUFkb","3000","TARO CRISPY","40","https://aice.gamora.id/storage/products/KHflNNGzSAXOFPrqnJETDIoORbTQPtCVYbjj0ZUA.webp","96500","true","2025-09-25T15:11:36.068Z"
"Uu5WSQZmqTLoXc9oxlUj","2000","MIKI-MIKI","60","https://aice.sesarengan.my.id/storage/products/2JIQldGjQClca4gY4xcHoMuGnOtfSiTWDuMdCNoe.webp","93500","true","2025-09-25T15:04:35.008Z"
"aok5I2XQHFg2m97mC387","5000","SUNDAE STRAWBERRY","24","https://aice.sesarengan.my.id/storage/products/O7w720txpjkenbbiLFOuZ6eWW0XkKU0Dta9jZViA.webp","97000","true","2025-09-25T15:12:36.818Z"
"bIHGFn5MHtXpqVeM9enF","5000","CHOCOMELT CONE","24","https://aice.sesarengan.my.id/storage/products/oPJoSW5VDnBOLeZlibrAZVkyQuQRhIoLfsR1PDTX.webp","97500","true","2025-09-25T15:14:07.724Z"
"bNkl5FX7SlWzgxLhu2Pw","3000","SWEET CORN","40","https://aice.sesarengan.my.id/storage/products/UgqqJIIxrYEyqPwIaNgQQOkQDF8LjBWEynuXWLdr.webp","96000","true","2025-09-25T15:10:14.752Z"
"bo7uoDBVttrD7nfgPod8","3000","MOCHI KLEPON","40","https://aice.sesarengan.my.id/storage/products/n8vK0DJGmGFaDshX7hON9lQxoO7k21sN8WHf4hC0.webp","94500","false","2025-09-25T15:05:39.814Z"
"czThQD5TNzChwlsAr7ds","3000","MOCHI BANANA","40","https://aice.sesarengan.my.id/storage/products/0u9jjUwUYqZjmMU8B3NmlOCXesY1V6KJfwb7WpS5.webp","92500","true","2025-09-25T15:02:13.996Z"
"eqWzbtAv3MmMCbLAYbYP","7000","STRAWBERRY MAX CONE","24","https://aice.sesarengan.my.id/storage/products/loHI7lxX7vORsRfALFeH5lwBaTh5GD46fHsKP4jG.webp","131000","false","2025-09-25T15:19:01.071Z"
"iegvzVPz0yZbNTHzwcj3","3000","FRUIZY BLUEBERRY YOGURT","40","https://aice.sesarengan.my.id/storage/products/ysW7oQ0V7lQ1V9Ec6HOofsMKSUOZ7RSsg6xQQl49.webp","96000","true","2025-09-25T15:09:43.946Z"
"jJ0aqMzW8XNZeKsXBWuQ","3000","2 COLOR","40","https://aice.sesarengan.my.id/storage/products/FiPaWBf1PZrGQUO7KF1AEkIIakjhgjNqhNdBtXap.webp","92000","true","2025-09-25T15:01:15.057Z"
"k7TnmqAqR1yAmsY042eK","2000","SEMANGKA","50","https://aice.sesarengan.my.id/storage/products/uFL1TtxuCAfpKEpkibghqaFeoGRL8tNc1ZH4cuke.webp","77500","true","2025-09-25T14:43:18.140Z"
"kaxtCMx6rMhQn9EbjJAw","5000","CRISPY BALLS ORIGINAL","30","https://aice.sesarengan.my.id/storage/products/a4Pqe82k2uzymeiWKmUP8AApZq3sCaPckMHJx5GM.webp","118500","true","2025-09-25T15:17:15.408Z"
"l1deHwCLSgFDr80nCpBh","8500","HISTERIA ORIGINAL","24","https://aice.sesarengan.my.id/storage/products/wXVBSjClwLdvFiAJ9eptqUsBpaEofWeM5FnyP5Y0.webp","152000","false","2025-09-25T15:20:40.981Z"
"sE1vrskyLfmynFjNEfrm","8500","HISTERIA PEACH","24","https://aice.sesarengan.my.id/storage/products/o49fpApTQ0umqAVtKyvSChbyqj3ZLz37IbrjDQpn.webp","152000","false","2025-09-25T15:20:07.157Z"
"sHRwloXPPG1VfsQTJl29","8500","HISTERIA MATCHA","24","https://aice.sesarengan.my.id/storage/products/1rIHtuGOl0qW8ongwR5zLI7a7dGATSQzxlpYWgb4.webp","152000","false","2025-09-25T15:21:08.426Z"
"sKjCtHbEsvTpBhbQOyHB","4000","FRUITY ROLL","40","https://aice.sesarengan.my.id/storage/products/YwmNWkWjU6erQOanhDQRHbMVkz8b7OqwnnZMIA1Z.jpg","124800","true","2025-09-25T15:13:38.585Z"
"xJbJEd4mYcSMcB4V4492","3000","MOCHI VANILLA","40","https://aice.sesarengan.my.id/storage/products/BpzgVpjZW2k7B8LnFYbxJT7bOUlapn3UPhlpQT9w.webp","92500","true","2025-09-25T15:04:04.629Z"
"xKVy2PZD4ymrzym0pndZ","4000","MOONG BEAN","30","https://aice.sesarengan.my.id/storage/products/AZvTal4r45JjOW06PpcUk9oaOWXbnzmmK5Kx1Hhr.png","96500","false","2025-09-25T15:10:59.845Z"
"xaB42zjrDkGuzdTP7tpO","4000","MANGO SLUSH","30","https://aice.sesarengan.my.id/storage/products/WHYEJiHU3fQz8du2hqaxjDrhjIEB5UYnS8ixE5gE.webp","90500","true","2025-09-25T15:00:09.654Z"
"y44wV7EqlAwgQKUJj38O","3000","MILK MELON","40","https://aice.sesarengan.my.id/storage/products/Jowhtqybp0E7rH1TIrL85J81tcFvnPVMYxNGHwuS.webp","95000","true","2025-09-25T15:09:07.784Z"